cell_id,model,persona,construct_id,left,right,cluster
A_N_run1,M1,neutral,C_M1_1,"Justifies via tangible business assets (E1, E2)",Justifies via competitor workflow reimagination (E5),1
A_N_run1,M1,neutral,C_M1_2,"Frames threat as workflow ownership erosion (E1, E5)",Frames threat as customer churn dynamics (E4),0
A_N_run1,M1,neutral,C_M1_3,"Explicitly rejects alternative options to recommend (E3, E4)",Affirmatively advocates integration without dismissing alternatives (E1),7
A_N_run1,M2,neutral,C_M2_1,E2/E3: Constraint-led strategic infeasibility,E4: Churn-led customer threat urgency,1
A_N_run1,M2,neutral,C_M2_2,E1/E2: Installed-base distribution leverage,E3: Resource-constrained competitive realism,1
A_N_run1,M2,neutral,C_M2_3,E4/E5: Customer-workflow disruption focus,E3: Strategic limits and resource realism,1
A_N_run1,M3,neutral,C_M3_1,*   Make sure they accurately reflect TWO of the responses,the THIRD.,8
A_N_run1,M4,neutral,C_M4_1,Distribution and installed base focus,Workflow and customer trust focus,7
A_N_run1,M4,neutral,C_M4_2,Threat framed as customer defection,Threat framed as competitor reimagination,0
A_N_run1,M4,neutral,C_M4_3,Workflow and trust defensibility,Depth and constraint defensibility,7
A_N_run2,M1,neutral,C_M1_1,Explicitly evaluates and rejects alternative options,Focuses solely on defending the recommended option,7
A_N_run2,M1,neutral,C_M1_2,Frames around customer renewal and churn risk,Frames around distribution and installed-base assets,0
A_N_run2,M1,neutral,C_M1_3,Emphasizes external competitive threats driving urgency,Emphasizes internal assets and product obsolescence risk,0
A_N_run2,M2,neutral,C_M2_1,Churn and renewal defense,Broader strategic advantage creation,0
A_N_run2,M2,neutral,C_M2_2,Explicit tradeoff against new initiatives,Standalone strategic necessity framing,7
A_N_run2,M2,neutral,C_M2_3,Core product obsolescence threat,Resource-allocation opportunity cost,0
A_N_run2,M3,neutral,C_M3_1,Focuses explicitly on customer churn and renewal rates,Focuses on core product obsolescence and workflow inferiority,0
A_N_run2,M3,neutral,C_M3_2,"Highlights competitors offering faster, cheaper, or smarter features",Highlights existing structural moats and customer switching costs,0
A_N_run2,M4,neutral,C_M4_1,Explicitly evaluates and dismisses other investment options,Argues solely for the primary recommendation without comparison,7
A_N_run2,M4,neutral,C_M4_2,Explicitly evaluates and dismisses other investment options,Argues solely for the primary recommendation without comparison,7
A_N_run2,M4,neutral,C_M4_3,Explicitly evaluates and dismisses other investment options,Argues solely for the primary recommendation without comparison,7
A_N_run2,M5,neutral,C_M5_1,Competitive moat and durable advantage strategy,Asset depreciation and renewal economics,0
A_N_run2,M5,neutral,C_M5_2,Strategic competitive threat diagnosis,Resource constraint and alternative pragmatism,7
A_N_run2,M5,neutral,C_M5_3,Strategic advantage and risk positioning,Asset depreciation and renewal economics,0
A_N_run3,M1,neutral,C_M1_1,"Frames asset as distribution/customer base (E2, E5)",Frames asset as product workflow transformation (E1),1
A_N_run3,M1,neutral,C_M1_2,"Defensive framing against obsolescence (E2, E5)",Dual offensive-defensive existential pivot (E3),1
A_N_run3,M1,neutral,C_M1_3,"Emphasizes competitive threat from rivals (E2, E3)",Emphasizes internal asset depreciation risk (E4),1
A_N_run3,M2,neutral,C_M2_1,Distribution moat against AI-native startups,Twelve-month execution feasibility,0
A_N_run3,M2,neutral,C_M2_2,Existential core-product defense,Near-term revenue-stream practicality,0
A_N_run3,M2,neutral,C_M2_3,Workflow obsolescence and switching-risk focus,Distribution advantage over startup customer acquisition,0
A_N_run3,M3,neutral,C_M3_1,Focuses on user UX and product feel,Focuses on go-to-market and distribution advantages,0
A_N_run3,M3,neutral,C_M3_2,Explicitly names distinct competitor types,Refers broadly to general AI disruption,0
A_N_run3,M4,neutral,C_M4_1,Time constraint focus,Asset leverage focus,7
A_N_run3,M4,neutral,C_M4_2,Product experience framing,Asset depreciation framing,0
A_N_run3,M4,neutral,C_M4_3,Trust emphasis,No trust emphasis,7
A_N_run3,M5,neutral,C_M5_1,Workflow integration and data ownership,Distribution and customer acquisition advantage,0
A_N_run3,M5,neutral,C_M5_2,Existential risk and defensive imperative,Functional obsolescence and asset enumeration,2
A_N_run3,M5,neutral,C_M5_3,Constraints on building from scratch,Strategic defensive-offensive pivot framing,7
A_N_run4,M1,neutral,C_M1_1,Frames moat as customer embedding and workflow position,Frames moat as distribution channels and revenue defense,0
A_N_run4,M1,neutral,C_M1_2,Threat framed as losing usage to external layers,Threat framed as core product becoming obsolete,7
A_N_run4,M1,neutral,C_M1_3,Defensive framing against competitor encroachment,Constructive framing of product reinvention,0
A_N_run4,M2,neutral,C_M2_1,External AI layer displacement threat,General customer-distribution moat framing,0
A_N_run4,M2,neutral,C_M2_2,Installed-base asset leverage,Flagship obsolescence defense,0
A_N_run4,M2,neutral,C_M2_3,Customer and distribution assets as moat,Core product reinvention as moat,0
A_N_run4,M3,neutral,C_M3_1,Option A explicitly,E5?,1
A_N_run4,M4,neutral,C_M4_1,Asset-centric justification,Imperative-centric justification,7
A_N_run4,M4,neutral,C_M4_2,Moat stems from customer base,Moat stems from AI-enhanced product,0
A_N_run4,M4,neutral,C_M4_3,Embedded customer position as moat,Product itself as the moat,0
A_N_run5,M1,neutral,C_M1_1,"Frames recommendation around concrete asset stack (E2, E5)",Frames recommendation around strategic question reframing (E1),7
A_N_run5,M1,neutral,C_M1_2,"Emphasizes external threat of churn and competitors (E1, E4)",Emphasizes internal advantage of distribution strength (E5),1
A_N_run5,M1,neutral,C_M1_3,"Explicitly names defense against obsolescence as goal (E2, E3)",Frames as leveraging assets without obsolescence framing (E1),1
A_N_run5,M2,neutral,C_M2_1,12-month budget-constrained execution framing,Broader strategic obsolescence framing,0
A_N_run5,M2,neutral,C_M2_2,Defensive churn and obsolescence focus,Distribution-led return-on-capital focus,0
A_N_run5,M2,neutral,C_M2_3,Internal workflow and asset leverage,External competitor and churn threat framing,0
A_N_run5,M4,neutral,C_M4_1,AI as product enhancement,AI as workflow transformation,0
A_N_run5,M4,neutral,C_M4_2,AI as product enhancement,AI as workflow transformation,0
A_N_run5,M4,neutral,C_M4_3,AI as workflow transformation,AI as product enhancement,0
A_N_run5,M5,neutral,C_M5_1,Installed base and workflow data centrality,Distribution and enterprise contracts centrality,0
A_N_run5,M5,neutral,C_M5_2,Singular defensive leverage focus,Dual defense-transformation imperative,7
A_N_run5,M5,neutral,C_M5_3,Negative definition of strategic assets,Positive inventory of asset portfolio,0
A_P_run1,M2,S,C_M2_1,Stakeholder-harm ethics,Business-system performance logic,2
A_P_run1,M2,S,C_M2_2,Principle-first abstraction,Evidence-gated decision discipline,7
A_P_run1,M2,S,C_M2_3,AI as workflow-product disruption,AI as unproven strategic premise,0
A_P_run1,M3,E,C_M3_1,Treats firm as a moral engine minimizing human harm,Treats firm as an operational engine optimizing systemic leverage,2
A_P_run1,M3,E,C_M3_2,Strategy dictated by internal social and ethical obligations,Strategy dictated by external structural and competitive constraints,2
A_P_run1,M4,H,C_M4_1,Skeptical of AI-driven product disruption,Advocates AI integration as existential,0
A_P_run1,M4,H,C_M4_2,Challenges AI disruption narrative with evidence,Accepts AI disruption as immediate imperative,8
A_P_run1,M4,H,C_M4_3,Centers human and relational dimensions,Reduces to a mechanical system,8
A_P_run1,M5,C,C_M5_1,Challenging disruption narrative validity,Centering stakeholder vulnerability ethics,2
A_P_run1,M5,C,C_M5_2,Consensus assumption interrogation,Mechanistic system abstraction,7
A_P_run1,M5,C,C_M5_3,Threat-accepting technical optimization,Premise-skeptical evidence demands,7
A_P_run2,M1,Q,C_M1_1,"E1, E2 — strategic-competitive reasoning about market position",E3 — stakeholder-welfare reasoning about ethical obligations,1
A_P_run2,M1,Q,C_M1_2,"E1, E4 — analysis grounded in product/asset mechanics",E3 — analysis grounded in moral duty to people,2
A_P_run2,M1,Q,C_M1_3,"E1, E2 — qualitative strategic argument from first principles",E5 — quantitative argument from base rates and benchmarks,1
A_P_run2,M2,S,C_M2_1,Human-stakeholder protection lens,Business constraint/value-creation lens,2
A_P_run2,M2,S,C_M2_2,Exploit existing product/operational assets,Build new AI talent base,0
A_P_run2,M2,S,C_M2_3,Product-led AI obsolescence response,Skepticism toward customer-facing AI race,0
A_P_run2,M3,E,C_M3_1,Mechanistic evaluation of competitive survival dynamics,Moral evaluation of socio-emotional stakeholder welfare,2
A_P_run2,M3,E,C_M3_2,Objective engineering of empirical system constraints,Subjective management of human affective transitions,8
A_P_run2,M3,E,C_M3_3,Deductive isolation of fundamental internal mechanisms,Inductive reliance,8
A_P_run2,M4,H,C_M4_1,AI as product-enhancement within existing offering,AI as internally-focused operational efficiency lever,0
A_P_run2,M4,H,C_M4_2,Threat-driven urgency to defend core asset,Empirically-scrutinized resource allocation under uncertainty,7
A_P_run2,M4,H,C_M4_3,Competitive market positioning as primary frame,Human stakeholder welfare as primary frame,0
A_P_run3,M1,Q,C_M1_1,"Decision driven by uncertainty/optionality and EV reasoning (E2, E5)",Decision driven by asset-leverage thesis on installed base (E4),1
A_P_run3,M1,Q,C_M1_2,"Defend the existing flagship product and customer base (E1, E4)",Contrarian skepticism of customer-facing AI demand (E2),0
A_P_run3,M1,Q,C_M1_3,"Quantitative threat modeling and expected-value calculus (E3, E5)",Stakeholder-welfare and normative ethical prioritization (E1),2
A_P_run3,M2,S,C_M2_1,Workflow obsolescence as core threat,Uncertainty management and runway extension,0
A_P_run3,M2,S,C_M2_2,Customer-facing product adaptation,Internal operational efficiency first,0
A_P_run3,M2,S,C_M2_3,Operational leverage despite disruption,Stakeholder-protective product integration,0
A_P_run3,M3,E,C_M3_1,Calculating objective structural leverage and systemic survival requirements,Satisfying subjective normative ethical constraints and stakeholder preservation,2
A_P_run3,M3,E,C_M3_2,Managing risk via abstract decision-theoretic and temporal heuristics,Directly addressing the fundamental customer time-to-value mechanism,9
A_P_run3,M4,H,C_M4_1,Product AI integration to defend core workflows,Operational efficiency over external AI bets,0
A_P_run3,M4,H,C_M4_2,Prioritize operational efficiency and defer transformative AI,Prioritize stakeholder-centered AI product integration,0
A_P_run3,M4,H,C_M4_3,Proactive AI investment to protect product and users,Defensive operational efficiency under high uncertainty,0
A_P_run4,M1,Q,C_M1_1,"Skeptical/contrarian to consensus framing (E2, E3)",Accepts brief's premises at face value (E1),7
A_P_run4,M1,Q,C_M1_2,Grounded in quantitative base rates and data (E2),"Argues from values or rhetorical reframing (E1, E3)",1
A_P_run4,M1,Q,C_M1_3,"Reasons from priors, base rates, or first principles (E2, E4)",Reasons from crowd-psychology and contrarian intuition (E3),8
A_P_run4,M2,S,C_M2_1,Firm-specific investment prescription,Abstract disruption mechanism,0
A_P_run4,M2,S,C_M2_2,Skeptical of AI-transformation imperative,Treats AI disruption as structural inevitability,8
A_P_run4,M2,S,C_M2_3,Economic leverage and operating assets,Stakeholder dignity and harm minimization,2
A_P_run4,M4,H,C_M4_1,Skeptical about AI transformation,Advocates full AI integration,0
A_P_run4,M4,H,C_M4_2,Human-centered reasoning,Mechanistic system reframing,8
A_P_run4,M4,H,C_M4_3,Decision process focus,Product substance focus,0
A_P_run4,M5,C,C_M5_1,Epistemological critique/deconstruction,Concrete strategic prescription,7
A_P_run4,M5,C,C_M5_2,External partnership reliance,Internal product integration,0
A_P_run4,M5,C,C_M5_3,Human/ethical values framework,Technical/systems mechanism framework,2
A_P_run5,M1,Q,C_M1_1,"E1, E4 — reframe the problem before recommending action",E5 — accept brief and prescribe a listed option,1
A_P_run5,M1,Q,C_M1_2,E3 — expected-value reasoning under capital/runway constraints,"E4, E5 — first-principles or normative reasoning from fixed premises",1
A_P_run5,M1,Q,C_M1_3,"E2, E4 — anchor on product/workflow mechanism of value",E5 — anchor on stakeholder welfare and human capital,1
A_P_run5,M2,S,C_M2_1,Anti-capability-race capital discipline (E1/E3),Installed-base product integration leverage (E2),1
A_P_run5,M2,S,C_M2_2,Anti-capability-race capital discipline (E1/E3),Workflow-state-machine value mechanics (E4),1
A_P_run5,M2,S,C_M2_3,Workflow-layer value transformation (E2/E4),Product-layer innovation race skepticism (E1),1
A_P_run5,M3,E,C_M3_1,Capability advantage is strictly bound by absolute capital volume,Capability advantage is strictly bound by existing user workflows,4
A_P_run5,M3,E,C_M3_2,Optimizing system state for enterprise market survival and commercial value,Optimizing system state for harm reduction and employee livelihood protection,9
A_P_run5,M4,H,C_M4_1,Prioritizes protecting existing stakeholders and relationships,Prioritizes abstract structural or mechanistic analysis,7
A_P_run5,M4,H,C_M4_2,Prioritizes risk mitigation and capital preservation,Prioritizes employee dignity and ethical responsibility,2
A_P_run5,M4,H,C_M4_3,Prioritizes strategic skepticism and avoiding hype-driven bets,Prioritizes reducing harm to vulnerable employees and customers,7
A_P_run5,M5,C,C_M5_1,"Reject unwinnable capability race (E1, E3)",Abstract product-state mechanics (E4),1
A_P_run5,M5,C,C_M5_2,"Aggressive AI capability investment (E2, E5)",Reject AI panic allocation (E1),1
A_P_run5,M5,C,C_M5_3,"Product-workflow mechanism focus (E2, E4)",Capital-runway preservation logic (E3),1
B_N_run1,M1,neutral,C_M1_1,"Leadership/scaling mismatch as root cause (E1, E3)",Layoff-induced psychological safety loss (E2),5
B_N_run1,M1,neutral,C_M1_2,"Layoff trauma as primary diagnosis (E4, E5)",Leadership style failing to scale (E1),5
B_N_run1,M1,neutral,C_M1_3,"Structural/organizational stage explanation (E1, E3)",Acute event-driven trust explanation (E2),1
B_N_run1,M2,neutral,C_M2_1,Scaling-driven leadership mismatch,Layoff-driven psychological safety loss,5
B_N_run1,M2,neutral,C_M2_2,Leadership operating-model mismatch,Post-layoff trust rupture,5
B_N_run1,M2,neutral,C_M2_3,Timeline-based layoff trauma diagnosis,Growth-stage leadership mismatch diagnosis,5
B_N_run1,M3,neutral,C_M3_1,"Alternatively, E3 and E4 describe the *trigger* in terms of the past (E4: 4 months ago","6 months ago, E3: earlier growth phases).",1
B_N_run1,M4,neutral,C_M4_1,Diagnosis rooted in leadership style mismatch,Diagnosis rooted in organizational trauma from layoff,5
B_N_run1,M4,neutral,C_M4_2,Diagnosis driven by layoff timeline and trauma,"Diagnosis driven by layoff trauma, with added emphasis on coherence",8
B_N_run1,M4,neutral,C_M4_3,Diagnosis driven by layoff timeline and trauma,Diagnosis rooted in leadership style mismatch,5
B_N_run1,M5,neutral,C_M5_1,Post-layoff psychological safety collapse,Scaling leadership style mismatch,5
B_N_run1,M5,neutral,C_M5_2,Timeline-centric trauma diagnosis,Organizational scaling analysis,8
B_N_run1,M5,neutral,C_M5_3,Structural phase-transition diagnosis,Acute layoff trauma diagnosis,8
B_N_run2,M1,neutral,C_M1_1,"E1, E3 — layoff-triggered psychological safety diagnosis",E2 — structural leadership/maturation mismatch diagnosis,5
B_N_run2,M1,neutral,C_M1_2,"E1, E3 — emphasizes timing/behavioral evidence as causal proof",E2 — emphasizes team size and lifecycle phase,1
B_N_run2,M1,neutral,C_M1_3,"E2, E5 — frames issue as scaling/inflection point",E3 — frames issue as post-layoff safety erosion,1
B_N_run2,M2,neutral,C_M2_1,Scaling-inflection focus without layoff rebuttal,Timeline-based layoff rebuttal,8
B_N_run2,M2,neutral,C_M2_2,Leadership/scaling mismatch as primary cause,Layoff-driven psychological safety loss,5
B_N_run2,M2,neutral,C_M2_3,Layoff-driven psychological safety loss,Pre-layoff leadership adaptation failure,5
B_N_run2,M3,neutral,C_M3_1,Focuses on structural scaling thresholds and headcount metrics,Focuses on interpersonal dynamics and communication shifts,8
B_N_run2,M3,neutral,C_M3_2,Attributes decline to organic growth and structural evolution,Attributes decline to a specific external disruptive event,3
B_N_run2,M4,neutral,C_M4_1,Layoff-caused safety loss,Maturation-caused leadership gap,5
B_N_run2,M4,neutral,C_M4_2,Downward trust spiral,Outgrown leadership model,5
B_N_run2,M4,neutral,C_M4_3,Layoff-caused safety loss,Maturation-caused leadership gap,5
B_N_run2,M5,neutral,C_M5_1,Event-triggered psychological safety collapse,Maturation-phase leadership capacity gap,5
B_N_run2,M5,neutral,C_M5_2,Temporal-causal correlation analysis,Organizational development stage theory,8
B_N_run2,M5,neutral,C_M5_3,Workforce reduction as primary causal agent,Scaling inflection as primary causal agent,8
B_N_run3,M1,neutral,C_M1_1,"Structural/scaling breakdown diagnosis (E3, E4)",Emotional/trust rupture diagnosis (E5),8
B_N_run3,M1,neutral,C_M1_2,"Organizational scale as key signal (E1, E3)",Post-layoff trust dynamics as key signal (E2),5
B_N_run3,M1,neutral,C_M1_3,"Retrospective vocabulary shift as key evidence (E3, E5)",Organizational size inflection as key evidence (E1),8
B_N_run3,M2,neutral,C_M2_1,Layoff-triggered psychological safety loss,Scale-driven leadership mismatch,5
B_N_run3,M2,neutral,C_M2_2,Trust rupture after layoffs,Operating model outgrown by scale,5
B_N_run3,M2,neutral,C_M2_3,Scale-driven coordination failure,Layoff-driven trust collapse,5
B_N_run3,M3,neutral,C_M3_1,Diagnoses loss of psychological safety centered around a past layoff event,Diagnoses leadership mismatch centered around structural organizational scaling limits,5
B_N_run3,M3,neutral,C_M3_2,Uses the specific shift in retrospective themes as core evidence,Relies on chronology and broader behavioral responses without mentioning retrospectives,8
B_N_run3,M4,neutral,C_M4_1,Systemic coordination failure from scaling,Psychological safety loss from layoff,5
B_N_run3,M4,neutral,C_M4_2,Informal models failing at scale,Trust and safety damaged by layoff,5
B_N_run3,M4,neutral,C_M4_3,Leadership model inadequate for team size,Team trust shattered by recent,5
B_N_run3,M5,neutral,C_M5_1,Growth-stage structural coordination failure,Layoff-induced psychological safety collapse,5
B_N_run3,M5,neutral,C_M5_2,Retrospective-theme diagnostic focus,Organizational-scale interpretive lens,8
B_N_run3,M5,neutral,C_M5_3,Layoff-timeline trust-rupture analysis,Structural scaling inflection,5
B_N_run4,M1,neutral,C_M1_1,Cites specific retro-content shift as key evidence,Cites team size/scaling inflection as key evidence,8
B_N_run4,M1,neutral,C_M1_2,Frames diagnosis around organizational scale thresholds,Frames diagnosis around delivery trajectory decline,8
B_N_run4,M1,neutral,C_M1_3,Emphasizes structural/scaling operating-model breakdown,Emphasizes post-layoff psychological and attrition dynamics,5
B_N_run4,M2,neutral,C_M2_1,Scaling/operating-model breakdown,Symptom-led performance decline,8
B_N_run4,M2,neutral,C_M2_2,Scaling-driven leadership mismatch,Layoff-driven psychological safety loss,5
B_N_run4,M2,neutral,C_M2_3,Attrition-centered evidence,Structure-centered scaling evidence,8
B_N_run4,M3,neutral,C_M3_1,Selects leadership style mismatch as the primary diagnosis,Selects loss of psychological safety as the primary diagnosis,5
B_N_run4,M3,neutral,C_M3_2,Focuses on structural growing pains and team size at scale,Focuses on timeline correlations and specific triggering events,8
B_N_run4,M4,neutral,C_M4_1,Cites specific brief signals,References general scaling theory,8
B_N_run4,M4,neutral,C_M4_2,Leadership style mismatch diagnosis,Psychological safety loss diagnosis,5
B_N_run4,M4,neutral,C_M4_3,Attributes decline to internal scaling dynamics,Attributes decline to a recent layoff event,5
B_N_run4,M5,neutral,C_M5_1,Endogenous structural leadership mismatch,Exogenous psychological safety rupture,5
B_N_run4,M5,neutral,C_M5_2,Retrospective thematic shift signal,Temporal layoff correlation signal,8
B_N_run4,M5,neutral,C_M5_3,Heroic leadership style failure,Scale-driven informal breakdown,5
B_N_run5,M1,neutral,C_M1_1,"E1, E2 — post-layoff trust collapse diagnosis",E3 — leadership-style/scaling mismatch diagnosis,5
B_N_run5,M1,neutral,C_M1_2,"E2, E4 — post-layoff psychological safety erosion",E3 — outgrown leadership operating model,5
B_N_run5,M1,neutral,C_M1_3,"E3, E5 — structural scaling and leadership mismatch",E1 — event-triggered social contract rupture,1
B_N_run5,M2,neutral,C_M2_1,Layoff-triggered psychological safety collapse,Scaling-driven leadership style mismatch,5
B_N_run5,M2,neutral,C_M2_2,Layoff-centered trust rupture diagnosis,Process-driven leadership mismatch diagnosis,5
B_N_run5,M2,neutral,C_M2_3,Post-layoff psychological safety erosion,Scaling inflection leadership mismatch,5
B_N_run5,M3,neutral,C_M3_1,Identifies loss of psychological safety as the primary diagnosis,Identifies a leadership style mismatch as the primary diagnosis,5
B_N_run5,M3,neutral,C_M3_2,Attributes team decline to a discrete traumatic organizational event,Attributes team decline to gradual organizational scaling and maturation,8
B_N_run5,M4,neutral,C_M4_1,Root cause: psychological safety loss post-layoff,Root cause: leadership style misfit with team scale,5
B_N_run5,M4,neutral,C_M4_2,Root cause: leadership style misfit with team scale,Root cause: psychological safety loss post-layoff,5
B_N_run5,M4,neutral,C_M4_3,Root cause: leadership style misfit with team scale,Root cause: psychological safety loss post-layoff,5
B_N_run5,M5,neutral,C_M5_1,Acute post-layoff psychological safety collapse,Maturation-phase leadership system mismatch,5
B_N_run5,M5,neutral,C_M5_2,Acute post-layoff psychological safety collapse,Maturation-phase leadership system mismatch,5
B_N_run5,M5,neutral,C_M5_3,Acute post-layoff psychological safety collapse,Maturation-phase leadership system mismatch,5
B_P_run1,M1,S,C_M1_1,Diagnosis attributes decline to layoff-induced psychological rupture,Diagnosis attributes decline to structural leadership-model mismatch,5
B_P_run1,M1,S,C_M1_2,Reasoning from observed signals and temporal evidence,Reasoning by inverting consensus assumptions,8
B_P_run1,M1,S,C_M1_3,Converges on post-layoff safety collapse,Diverges toward leadership-style explanation,5
B_P_run1,M2,E,C_M2_1,Layoff-triggered psychological safety collapse,Leadership-style operating model mismatch,5
B_P_run1,M2,E,C_M2_2,Leadership-style operating model mismatch,Layoff-triggered psychological safety trauma,5
B_P_run1,M2,E,C_M2_3,Layoff-triggered psychological safety collapse,Leadership-style operating model mismatch,5
B_P_run1,M3,H,C_M3_1,Reducing team struggles to structural mechanics and leadership scaling,Acknowledging psychological burden and threat-responses to systemic harm,5
B_P_run1,M3,H,C_M3_2,Commodifying employees as economic variables and operational constraints,"Centering employee dignity, social contracts, and collective trauma",2
B_P_run1,M4,C,C_M4_1,Post-layoff psychological safety collapse,Leadership–operating model misfit,5
B_P_run1,M4,C,C_M4_2,Layoff-driven trust and safety erosion,Growth-phase leadership style mismatch,5
B_P_run1,M4,C,C_M4_3,Layoff-induced collective trauma response,Scaled-team leadership failure,5
B_P_run1,M5,Q,C_M5_1,Quantitative behavioral signal detection,Qualitative interpretive meaning-making,8
B_P_run1,M5,Q,C_M5_2,Endogenous leadership-structure causation,Exogenous event-trauma causation,5
B_P_run1,M5,Q,C_M5_3,Epistemological diagnostic methodology,Structural-organizational description,8
B_P_run2,M1,S,C_M1_1,"Diagnoses structural/coordination failure (E1, E4)",Diagnoses relational/safety rupture (E5),1
B_P_run2,M1,S,C_M1_2,Quantitative-probabilistic reasoning (E3),"Qualitative-interpretive reasoning (E2, E5)",1
B_P_run2,M1,S,C_M1_3,"Consensus-aligned diagnosis (E2, E3)",Contrarian against prevailing instinct (E4),8
B_P_run2,M2,E,C_M2_1,Structural leadership/coordination bottleneck,Layoff-induced psychological safety rupture,5
B_P_run2,M2,E,C_M2_2,Scaling/leadership architecture failure,Layoff-timed trust and safety collapse,5
B_P_run2,M2,E,C_M2_3,Layoff-centered human trust rupture,Contrarian structural leadership diagnosis,5
B_P_run2,M3,H,C_M3_1,Objectifying workers as mechanistic components in a structural scaling model,Recognizing workers as moral subjects affected by ruptured social contracts,2
B_P_run2,M3,H,C_M3_2,Categorizing emotional distress as an operational distraction to be bypassed,Identifying psychological harm and institutional betrayal as the core constraint,2
B_P_run2,M4,C,C_M4_1,Primary cause: leadership style mismatch,Primary cause: loss of psychological safety,5
B_P_run2,M4,C,C_M4_2,Primary cause: leadership style mismatch,Primary cause: loss of psychological safety,5
B_P_run2,M4,C,C_M4_3,Primary cause: leadership style mismatch,Primary cause: loss of psychological safety,5
B_P_run2,M5,Q,C_M5_1,Qualitative interpretive phenomenological analysis,Probabilistic inference with explicit confidence intervals,8
B_P_run2,M5,Q,C_M5_2,Retrospective content shift diagnostic reliance,Structural-demographic scaling threshold analysis,8
B_P_run2,M5,Q,C_M5_3,Structural-demographic scaling threshold analysis,Temporal-causal sequencing and timing analysis,8
B_P_run3,M1,S,C_M1_1,"Layoff as causal shock (E1, E4)",Layoff as amplifier of prior dysfunction (E5),8
B_P_run3,M1,S,C_M1_2,"Clinical/empirical diagnostic register (E1, E5)",Humanist/moral framing of the team (E2),8
B_P_run3,M1,S,C_M1_3,Discrete event triggers decline (E1),"Structural mismatch with scale/phase (E3, E5)",8
B_P_run3,M2,E,C_M2_1,E1/E4: empirical timing-signature diagnosis,E2: humanist trauma framing,8
B_P_run3,M2,E,C_M2_2,E1: terse causal assertion,E2/E4: elaborated interpretive diagnosis,8
B_P_run3,M2,E,C_M2_3,E1/E2: layoff-caused psychological safety loss,E5: pre-layoff leadership mismatch,5
B_P_run3,M3,H,C_M3_1,Centering the dignity and existential trauma of vulnerable stakeholders,Abstracting workers into mechanistic components of a systemic engine,2
B_P_run3,M3,H,C_M3_2,Framing crises as moral ruptures requiring empathetic stakeholder care,Framing crises as detached diagnostic puzzles to optimize output,2
B_P_run3,M5,Q,C_M5_1,Shock-event anchoring (layoff-centered causality),Developmental-phase constraints (scale-centered structuralism),8
B_P_run3,M5,Q,C_M5_2,Temporal-signature correlation (timeline-pattern empiricism),Structural-phase configuration (operating-system architecture),8
B_P_run3,M5,Q,C_M5_3,Event-anchored causality,Structural-scale dynamics,8
B_P_run4,M2,E,C_M2_1,Layoff-triggered psychological safety rupture,Leadership operating-model mismatch,5
B_P_run4,M2,E,C_M2_2,Scaling requires new leadership system,Layoff trauma damaged trust,5
B_P_run4,M2,E,C_M2_3,Coordination breakdown from leadership mismatch,Human-centered layoff aftermath framing,5
B_P_run4,M3,H,C_M3_1,Mechanistic framing treating human workers as interchangeable system components,"Centering lived experience, psychological vulnerability, and systemic organizational trauma",8
B_P_run4,M3,H,C_M3_2,Abstract epistemic posturing that actively dismisses human emotional realities,Concrete structural analysis acknowledging shifting relational and operational contexts,8
B_P_run4,M4,C,C_M4_1,Leadership/structural mismatch diagnosis,Psychological safety loss diagnosis,5
B_P_run4,M4,C,C_M4_2,Signal-oriented organizational reading,Direct causal mechanism statement,8
B_P_run4,M4,C,C_M4_3,Retrospective shift as central evidence,Layoff trauma as central evidence,8
B_P_run4,M5,Q,C_M5_1,Objective Structural/Temporal Constraint Analysis,Epistemic Contrarianism and Consensus Positioning,8
B_P_run4,M5,Q,C_M5_2,Instrumental Root-Cause Diagnostic Analysis,Humanistic Lived-Experience Framing,8
B_P_run4,M5,Q,C_M5_3,Deterministic Structural Causal Modeling,Explicit Probabilistic Uncertainty Quantification,8
B_P_run5,M1,S,C_M1_1,"Human/relational rupture as root cause (E2, E3)",Structural/scaling mismatch as root cause (E5),1
B_P_run5,M1,S,C_M1_2,"Endorses consensus psychological-safety diagnosis (E2, E3)",Contrarian reframing against consensus diagnosis (E4),8
B_P_run5,M1,S,C_M1_3,"Diagnosis anchored in temporal/signal pattern reading (E1, E4)",Diagnosis anchored in moral/humanistic argument (E2),8
B_P_run5,M2,E,C_M2_1,Evidence-led causal diagnosis,Moral-existential workplace critique,2
B_P_run5,M2,E,C_M2_2,Layoff-driven psychological safety loss,Scaling-driven leadership model mismatch,5
B_P_run5,M2,E,C_M2_3,Layoff aftershock as primary cause,Contrarian leadership mismatch hypothesis,5
B_P_run5,M3,H,C_M3_1,Erasing worker vulnerability to prioritize structural organizational optimization,Acknowledging the emotional fallout and psychological distress of the workforce,8
B_P_run5,M3,H,C_M3_2,"Viewing the team as a mechanistic, depersonalized abstract system",Centering human dignity and the rupture of the social contract,2
B_P_run5,M4,C,C_M4_1,Systems-thinking with evidence signals,"Human-centric framing (E2 is the odd one out as it is not present; replacing with the correct triad members: E1 and E3 are similar in using systemic, evidence-based analysis, while E5 is different in focusing on leadership fit)",8
B_P_run5,M4,C,C_M4_2,System-level evidence analysis,Structural role-fit analysis,8
B_P_run5,M4,C,C_M4_3,Trauma-centered diagnosis,Adaptation-centered diagnosis,8
B_P_run5,M5,Q,C_M5_1,Existential-normative framing,Systems-analytical diagnosis,8
B_P_run5,M5,Q,C_M5_2,Existential-normative framing,Hypothesis-driven analytical diagnosis,8
B_P_run5,M5,Q,C_M5_3,Existential-normative framing,Signal-based empirical diagnosis,8
C_N_run1,M1,neutral,C_M1_1,"Prioritizes user trust and privacy as paramount (E1, E5)",Prioritizes model capability and business economics (E2),7
C_N_run1,M1,neutral,C_M1_2,"Grounds rationale in safety and liability risks (E4, E5)",Grounds rationale in product capability and unit economics (E2),1
C_N_run1,M1,neutral,C_M1_3,"Opposes any training on user health data (E4, E5)",Permits training with explicit user opt-in (E2),6
C_N_run1,M2,neutral,C_M2_1,Encrypted cloud with no training,Cloud with opt-in training,6
C_N_run1,M2,neutral,C_M2_2,Prohibits health-data model training,Allows explicit opt-in training,6
C_N_run1,M2,neutral,C_M2_3,Trust and safety over model improvement,Capability and economics via training opt-in,7
C_N_run1,M3,neutral,C_M3_1,"both discuss ""full capability""","local model capability (E3 mentions ""60–70% capability local model"", E2 mentions ""AI must operate at full capability"").",1
C_N_run1,M4,neutral,C_M4_1,Trust as existential asset,Safety and liability imperatives,2
C_N_run1,M4,neutral,C_M4_2,Regulatory and legal risk compliance,User trust and brand reputation,7
C_N_run1,M4,neutral,C_M4_3,Strict no-training data policy,Opt-in consent for model training,6
C_N_run2,M1,neutral,C_M1_1,Grounds rationale in specific regulatory statutes,Grounds rationale in trust and competitive positioning,7
C_N_run2,M1,neutral,C_M1_2,Emphasizes breadth of sensitive data types processed,Emphasizes regulatory and systemic compliance risk,7
C_N_run2,M1,neutral,C_M1_3,Frames trust as defensive risk mitigation,Frames trust as offensive competitive moat,7
C_N_run2,M2,neutral,C_M2_1,No training on user health data,Opt-in training for personalization,6
C_N_run2,M2,neutral,C_M2_2,Trust-as-moat privacy framing,Legal/regulatory risk framing with enclaves,7
C_N_run2,M2,neutral,C_M2_3,Privacy-first no-training policy,Personalization-first opt-in training policy,6
C_N_run2,M4,neutral,C_M4_1,Emphasizes regulatory and trust protection as primary value,Explicitly frames option as only path that secures both values,7
C_N_run2,M4,neutral,C_M4_2,Highlights the need for powerful personalization alongside trust,Positions trust as the singular paramount currency,7
C_N_run2,M4,neutral,C_M4_3,Frames recommendation around balancing personalization with trust,Uniquely stresses trust as strategic asset above all other considerations,7
C_N_run3,M1,neutral,C_M1_1,Cites specific regulations and technical mechanisms (E5),"Argues from brand trust and business principles (E3, E4)",7
C_N_run3,M1,neutral,C_M1_2,"Prioritizes AI quality through opt-in training (E1, E2)",Prioritizes trust by forbidding training entirely (E3),7
C_N_run3,M1,neutral,C_M1_3,Frames health data via regulatory compliance lens (E1),"Frames health data via user intimacy and trust (E3, E4)",8
C_N_run3,M2,neutral,C_M2_1,Opt-in user-data training allowed,Strict no-training on health data,6
C_N_run3,M2,neutral,C_M2_2,Opt-in training to improve personalization,No-training policy to maximize trust,6
C_N_run3,M2,neutral,C_M2_3,Adaptive coaching enabled by opt-in training,Trust-first ban on health-data training,6
C_N_run3,M3,neutral,C_M3_1,Recommends Option B with strict no-training policy,Recommends Option D with opt-in training allowed,6
C_N_run3,M3,neutral,C_M3_2,Explicitly cites the two million monthly user metric,Omits any specific user volume metrics,7
C_N_run3,M4,neutral,C_M4_1,trust and regulatory defensibility as balanced priority,trust as the foundational business imperative,7
C_N_run3,M4,neutral,C_M4_2,recommends cloud with opt-in training (Option D),recommends no training on user data (Option B),6
C_N_run3,M4,neutral,C_M4_3,prioritized user trust and privacy protection,balanced user experience with privacy safeguards,7
C_N_run4,M1,neutral,C_M1_1,"Grounds recommendation in specific health data categories (E4, E5)",Argues from general capability-versus-privacy tradeoff (E2),6
C_N_run4,M1,neutral,C_M1_2,"Frames trust as foundational/existential to product (E3, E5)",Frames choice as regulatory and quality optimization (E2),7
C_N_run4,M1,neutral,C_M1_3,"Uses vivid, absolutist rhetoric about trust (E3, E5)",Enumerates concrete sensitive data types pragmatically (E4),7
C_N_run4,M2,neutral,C_M2_1,Strategic trust-and-capability rhetoric,Concrete health-data risk inventory,7
C_N_run4,M2,neutral,C_M2_2,Trust-first privacy absolutism,Explicit alternative-by-alternative trade-off analysis,7
C_N_run4,M2,neutral,C_M2_3,Explicit local-only capability critique,Pure privacy-and-trust rationale,6
C_N_run4,M3,neutral,C_M3_1,Focuses purely on data sensitivity and user trust,Balances privacy needs with AI model capability constraints,6
C_N_run4,M3,neutral,C_M3_2,Rejects local-only alternatives due to inferior AI performance,Frames choice entirely around avoiding retained data footprints,6
C_N_run4,M4,neutral,C_M4_1,Critiques local option's AI quality,Omits local option critique,7
C_N_run4,M4,neutral,C_M4_2,Omits regulatory concerns,Mentions regulatory avoidance,7
C_N_run4,M4,neutral,C_M4_3,Acknowledges model capability,Focuses exclusively on trust,7
C_N_run4,M5,neutral,C_M5_1,Evaluates capability limitations of local processing,Focuses solely on data privacy breach risks,6
C_N_run4,M5,neutral,C_M5_2,Acknowledges model quality as a competing priority,Treats trust as the exclusive imperative,7
C_N_run4,M5,neutral,C_M5_3,Provides specific technical or categorical details,Relies on abstract foundational principles,8
C_N_run5,M2,neutral,C_M2_1,Regulatory-compliance case for no-training enclaves,User-harm and trust case for no-training enclaves,4
C_N_run5,M2,neutral,C_M2_2,Absolute no-training privacy stance,Opt-in training for model improvement,6
C_N_run5,M2,neutral,C_M2_3,Privacy-maximizing no-training cloud enclaves,Consent-based training to improve coaching quality,6
C_N_run5,M4,neutral,C_M4_1,Opt-in training to improve personalization,"No training on user health data, full stop",6
C_N_run5,M4,neutral,C_M4_2,Recommendation for Option D,Recommendation for Option B,7
C_N_run5,M4,neutral,C_M4_3,Consent-based data usage for model improvement,Complete prohibition on using data for training,6
C_P_run1,M1,E,C_M1_1,"Systemic risk/expected-value reasoning (E1, E5)",Deontological duty to protect vulnerable users (E4),1
C_P_run1,M1,E,C_M1_2,"Identifies single binding constraint to address (E3, E5)",Maps interdependent feedback loops in system (E1),1
C_P_run1,M1,E,C_M1_3,"Delivers concrete architectural recommendation (E1, E5)",Challenges premises without prescribing action (E2),1
C_P_run1,M2,H,C_M2_1,Concrete risk-architecture recommendation,Contrarian paradigm challenge,7
C_P_run1,M2,H,C_M2_2,Institutional risk and liability calculus,Human harm and dignity framing,2
C_P_run1,M2,H,C_M2_3,Cloud-skeptical privacy maximalism,Privacy-preserving cloud compromise,6
C_P_run1,M3,C,C_M3_1,Structural mitigation of unbounded systemic liability,Normative fulfillment of ethical duty to individuals,2
C_P_run1,M3,C,C_M3_2,Acceptance of centralized infrastructure risks with surface mitigations,Architectural elimination of single points of failure via decentralization,3
C_P_run1,M4,Q,C_M4_1,Recommends encrypted cloud (Option B),Challenges necessity of cloud data extraction,6
C_P_run1,M4,Q,C_M4_2,Advocates for encrypted cloud no-training,Critiques assumption cloud needed for AI,6
C_P_run1,M4,Q,C_M4_3,Supports encrypted cloud architecture,Questions dogma of data extraction,6
C_P_run1,M5,S,C_M5_1,Paradigm-challenging architecture (radical decentralization),Risk-managed centralization (optimized cloud solutions),6
C_P_run1,M5,S,C_M5_2,Technical systems analysis,Normative ethical critique,2
C_P_run1,M5,S,C_M5_3,Institutional risk-cost calculus,User-centric moral agency,2
C_P_run2,M1,E,C_M1_1,"E4, E5 — grounds choice in user-centric ethical/trust primitives",E1 — grounds choice in expected-value tradeoff calculus,1
C_P_run2,M1,E,C_M1_2,"E1, E3 — direct constraint-driven engineering recommendation",E2 — rhetorical challenge to industry consensus,7
C_P_run2,M1,E,C_M1_3,"E1, E2 — argues from capability/risk tradeoff logic",E4 — argues from intrinsic sensitivity of health data,1
C_P_run2,M2,H,C_M2_1,Trust-first adoption logic,Capability tradeoff optimization,7
C_P_run2,M2,H,C_M2_2,Encrypted cloud safeguard compromise,Local-only privacy absolutism,6
C_P_run2,M2,H,C_M2_3,Trust as primary bottleneck,Expected-value capability balancing,7
C_P_run2,M3,C,C_M3_1,Assumes risk is a calculable institutional and economic externality,Assumes risk is an incalculable moral injury to human vulnerability,2
C_P_run2,M3,C,C_M3_2,Acceptance of standard problem framing to deduce direct domain constraints,Contrarian epistemological inversion of unanimous tech industry assumptions,7
C_P_run2,M4,Q,C_M4_1,Decision driven by expected value calculation,Decision driven by non-negotiable principle,9
C_P_run2,M4,Q,C_M4_2,Analysis grounded in regulatory and breach economics,Analysis grounded in ethical vulnerability and trust dynamics,2
C_P_run2,M4,Q,C_M4_3,Privacy as a measurable constraint to optimize against,Privacy as an ethical imperative rooted in bodily autonomy,2
C_P_run3,M2,H,C_M2_1,Cloud allowed with no training,Local-only processing,6
C_P_run3,M2,H,C_M2_2,Local-only as trust protection,Encrypted cloud as acceptable constraint,6
C_P_run3,M2,H,C_M2_3,Capability skepticism and avoidance,Regulatory-trust constraint management,7
C_P_run3,M4,Q,C_M4_1,No training allowed,Opt-in training allowed,6
C_P_run3,M4,Q,C_M4_2,Local-only processing,Cloud-based processing,6
C_P_run3,M4,Q,C_M4_3,Qualitative trust/ethics framework,Quantitative expected value framework,2
C_P_run4,M1,E,C_M1_1,Risk-minimizing mechanism analysis of data exposure,Harm-centered ethical framing of vulnerable users,2
C_P_run4,M1,E,C_M1_2,Accept premise that capable AI requires cloud,Challenge whether cloud-scale capability is needed,6
C_P_run4,M1,E,C_M1_3,Recommends specific named option from the brief,Rejects the framing and proposes alternative architecture,7
C_P_run4,M2,H,C_M2_1,Accept lower capability to avoid cloud data exposure,Use cloud data for returns and capability,6
C_P_run4,M2,H,C_M2_2,Minimize health-data harm and trust risk,Maximize measurable returns through opt-in training,6
C_P_run4,M2,H,C_M2_3,"Encrypted cloud, no user-data training",Opt-in cloud training for expected value,6
C_P_run4,M4,Q,C_M4_1,Encrypted cloud processing,Local-only inference,6
C_P_run4,M4,Q,C_M4_2,Trust-based risk minimization,Expected value maximization,7
C_P_run4,M4,Q,C_M4_3,No training use,Opt-in training use,6
C_P_run5,M1,E,C_M1_1,"Risk/trust exposure as binding constraint (E1, E4)",Quantified expected-value optimization (E3),1
C_P_run5,M1,E,C_M1_2,"Accepts cloud inference, restricts data use (E1, E2)",Rejects cloud inference premise entirely (E5),6
C_P_run5,M1,E,C_M1_3,Terse first-principles constraint identification (E1),"Discursive stakeholder/tradeoff reasoning (E2, E3)",1
C_P_run5,M2,H,C_M2_1,Managed encrypted-cloud trust constraint,Local-only rejection of cloud dependence,6
C_P_run5,M2,H,C_M2_2,Precautionary challenge to capability maximization,Expected-value optimization of measurable tradeoffs,9
C_P_run5,M2,H,C_M2_3,Systemic trust-risk containment,Contrarian local-only necessity challenge,7
C_P_run5,M3,C,C_M3_1,Managing asymmetric systemic fragility and existential tail risk,Fulfilling moral duties to protect individually vulnerable populations,2
C_P_run5,M3,C,C_M3_2,"Rejecting the illusion of predictable, quantifiable expected value",Trusting linear expected value frameworks and measurable probability distributions,7
C_P_run5,M4,Q,C_M4_1,Advocates encrypted cloud with no training,Advocates local-only processing,6
C_P_run5,M4,Q,C_M4_2,Qualitative normative reasoning,Quantitative expected-value analysis,2
C_P_run5,M4,Q,C_M4_3,Single overriding constraint focus,Multi-factor trade-off optimization,7
C_P_run5,M5,S,C_M5_1,Cloud-with-safeguards acceptance,Local-only architecture,6
C_P_run5,M5,S,C_M5_2,Downside-constraint identification,Expected-value optimization,9
C_P_run5,M5,S,C_M5_3,Cloud-dependency premise,Local-only mandate,6
D_N_run1,M1,neutral,C_M1_1,"Accept coastline loss, relocate populations inland",Build systemic technological and resilience capacity,3
D_N_run1,M1,neutral,C_M1_2,Work with natural or human geographic limits,Overcome constraints through technology and innovation,3
D_N_run1,M1,neutral,C_M1_3,Address coastline exposure directly via physical strategy,Transform economy through technology and digital systems,3
D_N_run1,M2,neutral,C_M2_1,Ecosystem-based coastal adaptation,Managed retreat and relocation,3
D_N_run1,M2,neutral,C_M2_2,Technology-led systemic resilience,Nature-based ecosystem adaptation,3
D_N_run1,M2,neutral,C_M2_3,In-place ecosystem protection,Planned relocation from high-risk zones,3
D_N_run1,M3,neutral,C_M3_1,Endorses ecosystem-based adaptation for coastal defense,Endorses technological agility for economic resilience,3
D_N_run1,M3,neutral,C_M3_2,Explicitly critiques the financial impossibility of Option A,Avoids explicit budget arithmetic to focus on macroeconomic threats,7
D_N_run1,M4,neutral,C_M4_1,primary strategy is ecosystem-based adaptation (E3),"primary strategy is managed retreat (E4, E5)",1
D_N_run1,M4,neutral,C_M4_2,explicitly allocates budget between options (E2),"recommends a single primary option without budget breakdown (E3, E5)",1
D_N_run1,M4,neutral,C_M4_3,"prioritizes natural or human-centered adaptation over hard infrastructure (E2, E3)",prioritizes managed retreat over ecosystem or mixed approaches (E4),3
D_N_run2,M1,neutral,C_M1_1,Focus on human/social systems as primary resilience,Focus on technological/engineered platforms as primary resilience,3
D_N_run2,M1,neutral,C_M1_2,Nature-based defenses leveraging ecological systems,Engineered technology-based adaptive systems,3
D_N_run2,M1,neutral,C_M1_3,Single-domain anchor strategy (ecology or people or tech),N/A,3
D_N_run2,M2,neutral,C_M2_1,Ecosystem-led natural defenses,Technology-led resilience platform,3
D_N_run2,M2,neutral,C_M2_2,In-place adaptation and protection,Managed retreat and relocation,3
D_N_run2,M2,neutral,C_M2_3,Human-centered adaptation,Technology-centered resilience,3
D_N_run2,M3,neutral,C_M3_1,"Focus on human capital, social solidarity, and psychological resilience","Focus on structural, environmental, or technological infrastructure systems",3
D_N_run2,M3,neutral,C_M3_2,"Strategizes around demographic shifts, compounding crises, and internal migration",Narrowly zeroes in on comparative cost-efficiency of coastal defense,3
D_N_run2,M4,neutral,C_M4_1,Infrastructure-based adaptation (green or tech),Human-centered social resilience,3
D_N_run2,M4,neutral,C_M4_2,Managed retreat and relocation,In-situ adaptation and protection,3
D_N_run2,M4,neutral,C_M4_3,Landscape and ecological intervention,Social and human capital development,3
D_N_run2,M5,neutral,C_M5_1,Physical place-based adaptation strategies,Social human-capital and cohesion strategies,3
D_N_run2,M5,neutral,C_M5_2,Physical territorial management approaches,Social human-centric resilience building,3
D_N_run2,M5,neutral,C_M5_3,Ecosystem-based adaptation strategies,Social cohesion and human-capital focus,3
D_N_run3,M1,neutral,C_M1_1,"E1, E4 — tackle physical/biophysical exposure directly",E3 — prioritize human/social fabric over physical threats,1
D_N_run3,M1,neutral,C_M1_2,"E3, E5 — invest in people and natural systems",E2 — physically relocate populations away from risk,1
D_N_run3,M1,neutral,C_M1_3,"E4, E5 — distributed, low-cost defense across full coastline",E2 — structural withdrawal from indefensible areas,1
D_N_run3,M2,neutral,C_M2_1,People-centered social adaptation,Ecosystem-centered physical protection,3
D_N_run3,M2,neutral,C_M2_2,In-place resilience and protection,Planned relocation from risk,3
D_N_run3,M2,neutral,C_M2_3,Cross-sector national capability building,Coastal ecosystem defense,3
D_N_run3,M3,neutral,C_M3_1,Focus on mitigating physical and geographic risks,Focus on maintaining social cohesion and human capital,3
D_N_run3,M3,neutral,C_M3_2,Technological and dynamic systems approach,Ecosystem-based and natural infrastructure approach,3
D_N_run3,M3,neutral,C_M3_3,Centered on social capabilities and the social contract,Centered on,2
D_N_run3,M4,neutral,C_M4_1,Single primary strategy,Hybrid multi-strategy blend,0
D_N_run3,M4,neutral,C_M4_2,Engineered and planned interventions,Nature-based adaptation,3
D_N_run3,M4,neutral,C_M4_3,Ecosystem-based adaptation,Managed retreat and relocation,3
D_N_run4,M1,neutral,C_M1_1,"E1, E2 — physical/ecological coastal defense focus",E5 — human/social adaptation focus,1
D_N_run4,M1,neutral,C_M1_2,"E1, E2 — nature-based, scale-matched to coastline","E3 — technology-driven, multi-domain platform",1
D_N_run4,M1,neutral,C_M1_3,"E1, E4 — explicit portfolio with budget allocation logic",E3 — single-strategy bet on integrated tech platform,1
D_N_run4,M2,neutral,C_M2_1,E1: hybrid ecosystem-plus-infrastructure strategy,E2/E4: ecosystem adaptation as clear backbone,1
D_N_run4,M2,neutral,C_M2_2,E4/E5: socio-ecological resilience first,E3: technology platform resilience first,3
D_N_run4,M2,neutral,C_M2_3,E1: explicit budget split and hard-infrastructure fallback,E2/E4: broader ecosystem-led transformation,1
D_N_run4,M3,neutral,C_M3_1,Focus on mitigating physical coastal and infrastructure threats,Focus on managing demographic shifts and social crises,3
D_N_run4,M3,neutral,C_M3_2,Broad strategies addressing multi-domain environmental and physical systems,Targeted strategy addressing human displacement and psychological rupture,3
D_N_run4,M4,neutral,C_M4_1,Ecosystem restoration vs. socio-technical transformation,Ecosystem restoration vs. socio-technical transformation,3
D_N_run4,M4,neutral,C_M4_2,Nature-based defense vs. people-centered adaptation,Nature-based defense vs. people-centered adaptation,3
D_N_run4,M4,neutral,C_M4_3,Physical risk mitigation vs. social resilience building,Physical risk mitigation vs. social resilience building,3
D_N_run5,M1,neutral,C_M1_1,Defend coastline in place with natural barriers,Relocate people away from exposed zones,3
D_N_run5,M1,neutral,C_M1_2,Differentiated allocation with hard defenses for key nodes,Ecosystem-based adaptation applied uniformly nationwide,3
D_N_run5,M1,neutral,C_M1_3,Protect existing coastal settlements via defenses,Withdraw assets and population from risk zones,3
D_N_run5,M2,neutral,C_M2_1,Ecosystem defenses as primary strategy,Managed retreat as primary strategy,3
D_N_run5,M2,neutral,C_M2_2,Spatial coastal risk reduction,Human-capital resilience building,3
D_N_run5,M2,neutral,C_M2_3,Nature-based coastal protection,Social cohesion and human capital,3
D_N_run5,M3,neutral,C_M3_1,Prioritizes physical ecosystem defenses and environmental modification,"Prioritizes social capacity, human capital, and climate literacy",3
D_N_run5,M3,neutral,C_M3_2,Anticipates and manages population displacement from hazard zones,Defends existing coastal perimeters in place using natural barriers,3
D_P_run1,M1,H,C_M1_1,"E2, E3 — narrative grounding in affected human populations",E1 — abstract quantitative risk formalism,1
D_P_run1,M1,H,C_M1_2,"E1, E5 — systems/quantitative reasoning from non-stationarity",E3 — stakeholder-centered identification of who bears harm,1
D_P_run1,M1,H,C_M1_3,E4 — building diffuse adaptive capacity in people,"E2, E5 — managing physical exposure and infrastructure",3
D_P_run1,M2,C,C_M2_1,Non-stationary hazard dynamics first,Planned exposure reduction first,9
D_P_run1,M2,C,C_M2_2,Human transition and social capacity,Quantified physical-risk calculus,3
D_P_run1,M2,C,C_M2_3,Physical-systems technocratic adaptation,Social-capacity community adaptation,3
D_P_run1,M3,Q,C_M3_1,Falsifiable probability calculations using empirical hazard frequencies,Unmeasurable qualitative social constructs lacking empirical definition,9
D_P_run1,M3,Q,C_M3_2,Modeling physical risks via stochastic shocks and statistical non-stationarity,Theories of endogenous social adaptive capacity lacking testable variables,3
D_P_run1,M4,S,C_M4_1,Physical retreat and exposure management,Social cohesion and human capital investment,3
D_P_run1,M4,S,C_M4_2,Analytical risk and technology solutions,Human-centered social vulnerability focus,3
D_P_run1,M4,S,C_M4_3,Social cohesion and human capital development,Technological resilience and infrastructure platform,3
D_P_run2,M1,H,C_M1_1,"Designs around irreducible uncertainty and optionality (E3, E5)",Anchors decision in identified affected populations (E4),9
D_P_run2,M1,H,C_M1_2,"Treats people as the locus of resilience (E2, E4)",Treats risk as a calculable optimization problem (E1),1
D_P_run2,M1,H,C_M1_3,Foregrounds distributional impacts on vulnerable stakeholders (E4),"Reasons from system dynamics and physical constraints (E2, E3)",3
D_P_run2,M2,C,C_M2_1,Physical limits dictate retreat,Uncertainty demands adaptive flexibility,3
D_P_run2,M2,C,C_M2_2,Reduce fixed coastal exposure,Preserve options through technology platforms,3
D_P_run2,M2,C,C_M2_3,Technocratic risk arithmetic,Equity-centered social vulnerability,2
D_P_run2,M3,Q,C_M3_1,Falsifiable point estimates and measurable demographic baselines,Irreducible strategic uncertainty requiring real-options flexibility,7
D_P_run2,M3,Q,C_M3_2,Unobservable systems-theory abstractions lacking operational parameters,Strict arithmetic deduction from bounded biophysical and economic data,7
D_P_run2,M4,S,C_M4_1,Prioritizing social adaptive capacity and human capital,Minimizing physical exposure via managed retreat,3
D_P_run2,M4,S,C_M4_2,Strengthening social cohesion and equity as core strategy,Building a flexible technology-and-resilience platform,3
D_P_run2,M4,S,C_M4_3,Hazard-exposure arithmetic and physical constraint logic,Socio-ecological adaptive capacity as leverage point,3
D_P_run3,M1,H,C_M1_1,"Centers human vulnerability and adaptive capacity (E1, E3)",Centers empirical data and probabilistic optimization (E2),3
D_P_run3,M1,H,C_M1_2,"People-first, social resilience as primary strategy (E1, E4)",Infrastructure-and-relocation logistics as primary strategy (E2),3
D_P_run3,M1,H,C_M1_3,"Accepts displacement as inevitable, plans accordingly (E1, E2)",Seeks to prevent displacement through physical buffering (E5),1
D_P_run3,M2,C,C_M2_1,Empirical/biophysical hazard-mechanism framing,Social-institutional adaptive-capacity framing,3
D_P_run3,M2,C,C_M2_2,Reactive safety net for inevitable displacement,Proactive population resilience under uncertainty,3
D_P_run3,M2,C,C_M2_3,Social protection and adaptive capacity first,Spatial retreat and relocation first,3
D_P_run3,M3,Q,C_M3_1,Operationalizable mechanisms grounded in statistical and biophysical data,Non-falsifiable sociological generalizations lacking quantitative measurement,8
D_P_run3,M3,Q,C_M3_2,Hedging expected loss through demographic mobility and human variables,Mitigating expected loss through measurable kinetic energy dissipation,3
D_P_run3,M4,S,C_M4_1,Social/institutional adaptation as the primary lever,Physical/ecological infrastructure as the primary lever,3
D_P_run3,M4,S,C_M4_2,Systemic capacity as the intervention substrate,Probabilistic optimization of specific interventions,9
D_P_run3,M4,S,C_M4_3,Epistemological commitment to empirical forecast accuracy,Epistemological commitment to robustness under forecast failure,7
D_P_run3,M5,E,C_M5_1,Human adaptive capacity and institutional trust,Biophysical energy dissipation mechanisms,3
D_P_run3,M5,E,C_M5_2,Binding constraint identification,Expected value optimization under uncertainty,9
D_P_run3,M5,E,C_M5_3,Equity-focused vulnerability protection,Universal capability and mobility building,3
D_P_run4,M2,C,C_M2_1,Relocation to eliminate high-risk physical exposure,Human systems as core adaptive infrastructure,3
D_P_run4,M2,C,C_M2_2,Population capacity and cohesion as leverage,Asset exposure elimination as optimization,3
D_P_run4,M2,C,C_M2_3,People-centered migrant absorption and resilience,Risk-equation-driven retreat from exposed assets,3
D_P_run4,M3,Q,C_M3_1,Relies on unoperationalized anecdotes or abstract theory lacking empirical baselines,Anchors problem definition in measurable demographic and macroeconomic baseline data,8
D_P_run4,M3,Q,C_M3_2,Targets structurally complex socio-behavioral systems with high measurement uncertainty,Targets physical interventions with deterministic geophysical and falsifiable financial constraints,3
D_P_run4,M4,S,C_M4_1,Asset-centric managed retreat,People-centric adaptive resilience,3
D_P_run4,M4,S,C_M4_2,Asset-centric managed retreat,People-centric adaptive resilience,3
D_P_run4,M4,S,C_M4_3,Asset-centric managed retreat,People-centric adaptive resilience,3
D_P_run5,M1,H,C_M1_1,"Resilience built through social/adaptive capacity (E1, E4)",Resilience through physical/engineering mechanism (E5),3
D_P_run5,M1,H,C_M1_2,"Qualitative reasoning about dignity and adaptive capacity (E1, E4)",Quantitative expected-value loss minimization (E3),2
D_P_run5,M1,H,C_M1_3,"Protection via spatial/physical reconfiguration of exposure (E3, E5)",Protection via social fabric and institutional cohesion (E2),3
D_P_run5,M2,C,C_M2_1,Social adaptive capacity as national resilience,Quantified exposure reduction as risk minimization,3
D_P_run5,M2,C,C_M2_2,Human and institutional resilience first,Coastal energy-dissipation infrastructure first,3
D_P_run5,M2,C,C_M2_3,Human dignity and social access lens,Physical risk-mechanism optimization lens,2
D_P_run5,M3,Q,C_M3_1,Parameterized budget allocation metric,Unquantified theoretical assertion,7
D_P_run5,M3,Q,C_M3_2,Micro-level observable indicator variables,Macro-level unobservable latent constructs,8
D_P_run5,M3,Q,C_M3_3,Empirically measurable physical constraints,Qualitative socio-political vulnerability claims,3
D_P_run5,M4,S,C_M4_1,Prioritizing social adaptive capacity,Minimizing measurable hazard exposure,9
D_P_run5,M4,S,C_M4_2,Engineering and actuarial optimization,Social cohesion and human development,3
D_P_run5,M4,S,C_M4_3,Social-system resilience leverage,Physical coastal defense mechanism,3
D_P_run5,M5,E,C_M5_1,Adaptive capacity and physical constraints,Probabilistic exposure elimination,9
D_P_run5,M5,E,C_M5_2,Social and fiscal capacity limits,Expected value optimization,9
D_P_run5,M5,E,C_M5_3,Human and social capital,Expected value calculation,2
E_N_run1,M1,neutral,C_M1_1,Ex-ante regulatory gatekeeping of frontier models,Ex-post liability via existing legal mechanisms,4
E_N_run1,M1,neutral,C_M1_2,Targeting technical capability thresholds upstream,Protecting individual rights at deployment,4
E_N_run1,M1,neutral,C_M1_3,Justified by systemic catastrophic risk prevention,Justified by feasibility and implementation speed,9
E_N_run1,M2,neutral,C_M2_1,Rights-and-process primary framework,Capability-threshold licensing primary framework,4
E_N_run1,M2,neutral,C_M2_2,Ex ante rights and procedural safeguards,Ex post outcomes-based liability,4
E_N_run1,M2,neutral,C_M2_3,Frontier capability-threshold licensing,Deployment-focused rights-and-process governance,4
E_N_run1,M3,neutral,C_M3_1,Recommends a rights-and-process-based governance framework,Recommends an outcomes-based liability framework,4
E_N_run1,M3,neutral,C_M3_2,Focuses on establishing global geopolitical leverage and norm-shaping power,"Focuses on rapid, pragmatic implementation using existing domestic legal markets",4
E_N_run1,M4,neutral,C_M4_1,Driven by 18-month implementation feasibility,Driven by strategic market power leverage,0
E_N_run1,M4,neutral,C_M4_2,Government regulatory oversight,Private market-driven enforcement,4
E_N_run1,M4,neutral,C_M4_3,Market-based incentive governance,Rights-and-process governance,4
E_N_run2,M1,neutral,C_M1_1,"Ex ante control over frontier model development (E3, E4)",Leveraging existing domain regulators downstream (E1),1
E_N_run2,M1,neutral,C_M1_2,"Centralized horizontal licensing regime (E3, E4)",Distributed sector-by-sector regulatory authority (E1),4
E_N_run2,M1,neutral,C_M1_3,"Shaping norms through market/legal leverage without gatekeeping (E2, E5)",Asserting upstream control via compute-based licensing (E3),4
E_N_run2,M2,neutral,C_M2_1,Sectoral or liability-based deployment governance,Ex ante frontier capability licensing,4
E_N_run2,M2,neutral,C_M2_2,Deployment legitimacy and harm accountability,Frontier model creation control,4
E_N_run2,M2,neutral,C_M2_3,Ex ante compute/capability licensing,Ex post outcomes-based liability,4
E_N_run2,M3,neutral,C_M3_1,"Leveraging coalition's collective economic and market scale (E2, E3)",Leveraging normative legitimacy and democratic values (E5),1
E_N_run2,M3,neutral,C_M3_2,"Incorporating domain-specific sectoral regulatory frameworks (E1, E5)",Establishing a single harmonized cross-sector licensing gateway (,4
E_N_run2,M4,neutral,C_M4_1,ex ante licensing control,ex post liability and rights,4
E_N_run2,M4,neutral,C_M4_2,pre-market regulatory approval,"decentralized, sector-specific sovereignty",4
E_N_run2,M4,neutral,C_M4_3,compute-based licensing threshold,process-based democratic legitimacy,4
E_N_run2,M5,neutral,C_M5_1,Aggregate market normative leverage,Sector-specific regulatory sovereignty,4
E_N_run2,M5,neutral,C_M5_2,Outward norm projection,Sector-specific regulatory sovereignty,4
E_N_run2,M5,neutral,C_M5_3,Regulator-driven gatekeeping,Outcome-based liability,4
E_N_run3,M1,neutral,C_M1_1,Emphasizes external/geopolitical positioning and exportable influence (E4),"Emphasizes internal citizen protection and democratic alignment (E2, E5)",1
E_N_run3,M1,neutral,C_M1_2,Market-leverage and liability-driven enforcement (E3),"Rights-and-process legal framework approach (E4, E5)",4
E_N_run3,M1,neutral,C_M1_3,"Leverages market size or existing institutional capacity (E1, E3)",Leverages normative rights and democratic legitimacy (E5),1
E_N_run3,M2,neutral,C_M2_1,Economy-wide horizontal governance,Sector-specific regulatory sovereignty,4
E_N_run3,M2,neutral,C_M2_2,Rights-based citizen safeguards,Sector-specific institutional enforcement,4
E_N_run3,M2,neutral,C_M2_3,Rights-and-process democratic governance,Sector-specific regulatory sovereignty,4
E_N_run3,M3,neutral,C_M3_1,Ex-ante rights and process-based safeguards,Ex-post outcomes-based liability,4
E_N_run3,M3,neutral,C_M3_2,Broad cross-sector rights and process framework,Decentralized sector-specific regulatory enforcement,4
E_N_run3,M4,neutral,C_M4_1,Horizontal individual rights framework,Vertical sector-specific regulatory regimes,4
E_N_run3,M4,neutral,C_M4_2,International influence projection,Domestic rights protection,4
E_N_run3,M4,neutral,C_M4_3,Ex ante regulatory rulemaking,Ex post outcomes-based liability,4
E_N_run3,M5,neutral,C_M5_1,Rights-and-process governance frameworks,Outcomes-based liability weaponization,4
E_N_run3,M5,neutral,C_M5_2,Unified cross-sector legal frameworks,Sector-specific regulatory sovereignty,4
E_N_run3,M5,neutral,C_M5_3,Individual rights and citizen protection,Sector-specific institutional sovereignty,4
E_N_run4,M1,neutral,C_M1_1,"Rights and administrative-process grounding (E1, E4)",Capability-threshold licensing for catastrophic risk (E5),4
E_N_run4,M1,neutral,C_M1_2,"Ex-ante regulatory gatekeeping of AI development (E3, E5)",Ex-post market liability for harms (E2),1
E_N_run4,M1,neutral,C_M1_3,"Rights-based protection aligned with EU norms (E1, E3)",Market-agility through outcomes-based liability (E2),4
E_N_run4,M2,neutral,C_M2_1,Rights-and-process safeguards,Capability-threshold licensing,4
E_N_run4,M2,neutral,C_M2_2,Decentralized non-licensing legal governance,Centralized pre-release capability licensing,4
E_N_run4,M2,neutral,C_M2_3,Rights-and-process administrative framework,Outcomes-based liability regime,4
E_N_run4,M3,neutral,C_M3_1,"Emphasizes preventative, ex-ante regulation and procedural controls","Emphasizes reactive, ex-post outcomes-based liability",4
E_N_run4,M3,neutral,C_M3_2,Aligns with EU-style administrative processes and individual user rights,Rejects bureaucratic sprawl in favor of economic agility,4
E_N_run4,M4,neutral,C_M4_1,Rights-and-process framework,Capability-thresholds licensing,4
E_N_run4,M4,neutral,C_M4_2,Rights-and-process framework,Capability-thresholds licensing,4
E_N_run4,M4,neutral,C_M4_3,Pure rights-and-process framework,Rights-and-process with catastrophic-risk overlay,4
E_N_run5,M2,neutral,C_M2_1,Rights-and-process legal institutionalism,Outcomes-based liability pragmatism,4
E_N_run5,M2,neutral,C_M2_2,Domestic implementability through existing law,Geopolitical agility via liability rules,4
E_N_run5,M2,neutral,C_M2_3,Geopolitical leverage against superpowers,Domestic legal-institutional credibility,4
E_N_run5,M4,neutral,C_M4_1,Ex ante capability thresholds,Ex post outcomes liability,4
E_N_run5,M4,neutral,C_M4_2,Proactive administrative governance,Reactive liability litigation,4
E_N_run5,M4,neutral,C_M4_3,Compute-based capability licensing,Rights-based due process governance,4
E_N_run5,M5,neutral,C_M5_1,Procedural rights implementation,Ex-ante technical gatekeeping,4
E_N_run5,M5,neutral,C_M5_2,Preventive governance structures,Ex-post accountability mechanism,4
E_N_run5,M5,neutral,C_M5_3,Geopolitical influence maximization,Multi-jurisdictional legal implementability,4
E_P_run1,M1,C,C_M1_1,"E3, E4: skeptical of novel static architectures (similar)",E1: prescribes new rights-based legal architecture (different),1
E_P_run1,M1,C,C_M1_2,"E1, E5: ex-ante prescriptive mandates on developers (similar)",E3: defer to existing sectoral institutions (different),1
E_P_run1,M1,C,C_M1_3,"E2, E3: leverage existing sectoral regulators (similar)",E4: market-feedback via outcomes-based liability (different),1
E_P_run1,M2,Q,C_M2_1,Decentralized adaptive enforcement,Ex-ante frontier licensing,4
E_P_run1,M2,Q,C_M2_2,Existing sectoral regulators,New capability-threshold regime,4
E_P_run1,M2,Q,C_M2_3,Instrumental enforcement pragmatism,Rights-centered procedural governance,4
E_P_run1,M3,S,C_M3_1,"Imposing universal, rights-based normative abstractions","Relying on distributed, domain-specific regulatory networks",4
E_P_run1,M3,S,C_M3_2,Reactive adaptation through downstream feedback loops,Proactive gating of irreversible upstream systemic shocks,3
E_P_run1,M4,E,C_M4_1,Governance as codified procedural rights for affected individuals.,"Governance as structural incentives or sectoral integration, not individual rights.",4
E_P_run1,M4,E,C_M4_2,Generic or cross-cutting regulatory architecture.,"Domain-specific, existing institutional enforcement.",4
E_P_run1,M4,E,C_M4_3,"Pre-harm, ex-ante control via specified thresholds or rights.","Post-harm, ex-post feedback via liability and market signals.",2
E_P_run2,M1,C,C_M1_1,Ex-ante gatekeeping of training and capabilities,Ex-post accountability via liability for outcomes,4
E_P_run2,M1,C,C_M1_2,Skeptical of coalition's enforcement reach,Assumes coalition can bind frontier development,4
E_P_run2,M1,C,C_M1_3,Pluralist — diffuses governance across actors/sectors,Centralizes rights enforcement in unified framework,4
E_P_run2,M2,Q,C_M2_1,Upstream frontier capability licensing,Downstream rights-and-process protections,4
E_P_run2,M2,Q,C_M2_2,Pre-deployment regulatory requirements,Post-harm outcomes liability,4
E_P_run2,M2,Q,C_M2_3,Consequentialist risk-control governance,Dignity-centered rights governance,2
E_P_run2,M4,E,C_M4_1,Intervention point is pre-deployment mechanism (compute/training access),Intervention point is post-deployment adaptation (liability/sovereignty rejection),4
E_P_run2,M4,E,C_M4_2,"Governance object is the system’s material substrate (compute, model)","Governance object is the affected human subject (rights, harms)",4
E_P_run2,M4,E,C_M4_3,Mechanism-focused intervention on controllable input (compute thresholds),Frame rejects mechanism-style intervention as unenforceable theater,8
E_P_run3,M1,C,C_M1_1,"Skeptical of frontier-risk framing (E2, E4)",Centers harms beyond frontier-risk framing (E1),1
E_P_run3,M1,C,C_M1_2,"Rejects frontier-risk framing as the governing problem (E2, E4)",Reframes problem around affected persons and rights (E1),4
E_P_run3,M1,C,C_M1_3,"Mechanism-and-systems engineering of harm (E3, E4)",Normative grounding in affected human subjects (E1),8
E_P_run3,M2,Q,C_M2_1,Rejects static frontier capability thresholds,Endorses ex ante compute licensing,4
E_P_run3,M2,Q,C_M2_2,Individual rights and distributive harms,Systemic frontier risk management,4
E_P_run3,M2,Q,C_M2_3,Downstream harm accountability,Upstream capability gating,4
E_P_run3,M3,S,C_M3_1,"Decentralized governance of contextualized, distributed systemic interactions",Centralized ex-ante constraint of concentrated upstream capabilities,4
E_P_run3,M3,S,C_M3_2,Optimizing architectural resilience against static metric obsolescence and gaming,Centering immediate socio-economic impacts on vulnerable human populations,3
E_P_run3,M4,E,C_M4_1,govern mechanism of harm directly,govern harms through existing legal frameworks and rights,4
E_P_run3,M4,E,C_M4_2,hard ex ante technical gate,adaptive feedback through liability and process,4
E_P_run3,M4,E,C_M4_3,compute-based licensing as binding constraint,sectoral and rights-based governance of impacts,4
E_P_run3,M5,H,C_M5_1,"Mundane/Current algorithmic harms governance (E1, E2)",Frontier/Catastrophic risk governance (E5),1
E_P_run3,M5,H,C_M5_2,Ex ante capability thresholds (E5),"Ex post adaptive mechanisms (E2, E4)?",1
E_P_run3,M5,H,C_M5_3,"Accepts frontier AI exceptionalism (E4, E5)",Rejects frontier AI exceptionalism (E2),1
E_P_run4,M2,Q,C_M2_1,Horizontal cross-sector AI controls,Sector-specific regulatory sovereignty,4
E_P_run4,M2,Q,C_M2_2,System-level risk and liability control,Individual rights and contestability protections,4
E_P_run4,M2,Q,C_M2_3,Frontier capability-threshold licensing,Downstream rights-and-process protections,4
E_P_run4,M3,S,C_M3_1,"Centralized reliance on unified, horizontal governance frameworks across the network","Decentralization of governance into modular, structurally adaptive sector-specific nodes",4
E_P_run4,M3,S,C_M3_2,Ex-ante systemic constraint targeting concentrated upstream production bottlenecks,Ex-post systemic adaptation via dispersed downstream regulatory environments,4
E_P_run4,M4,E,C_M4_1,Ex-ante frontier capability control,Ex-post outcomes-based liability,4
E_P_run4,M4,E,C_M4_2,Universal horizontal regulation,Sector-specific regulatory sovereignty,4
E_P_run4,M4,E,C_M4_3,Rights-based protection of individuals,Adaptive control of the technology frontier,4
E_P_run4,M5,H,C_M5_1,Ex ante prescriptive frameworks,Ex post outcomes liability,4
E_P_run4,M5,H,C_M5_2,Flexible adaptive governance,Fixed codified rights,4
E_P_run4,M5,H,C_M5_3,Horizontal unified frameworks,Sector-specific sovereignty,4
E_P_run5,M1,C,C_M1_1,"Treat AI as ordinary, adapt existing structures (E2, E3)","Treat AI as exceptional, center harmed humans (E4)",1
E_P_run5,M1,C,C_M1_2,"Avoid bespoke AI architecture, leverage adaptive mechanisms (E2, E3)",Build dedicated frontier-AI gatekeeping regime (E5),1
E_P_run5,M1,C,C_M1_3,"Govern downstream outcomes and deployment effects (E2, E4)",Govern upstream model capabilities pre-deployment (E5),1
E_P_run5,M2,Q,C_M2_1,Deployment rights-and-process protections,Frontier capability licensing,4
E_P_run5,M2,Q,C_M2_2,Horizontal AI-specific governance,Sector-specific technology-agnostic regulation,4
E_P_run5,M2,Q,C_M2_3,Downstream accountability governance,Upstream capability-threshold licensing,4
E_P_run5,M3,S,C_M3_1,"Constructing novel, cross-domain systemic boundaries specifically for AI governance","Integrating AI governance interstitially within existing decentralized, domain-specific feedback loops",4
E_P_run5,M3,S,C_M3_2,Enforcing internal systemic legibility and rigid procedural constraints,"Maximizing systemic resilience via adaptive, outcome-oriented closed-loop",9
E_P_run5,M4,E,C_M4_1,Rights-and-process governance,Sector-specific sovereignty,4
E_P_run5,M4,E,C_M4_2,Pre-deployment regulation,Post-hoc liability,4
E_P_run5,M4,E,C_M4_3,AI-specific governance frameworks,General-purpose technology governance,4
F_N_run1,M1,neutral,C_M1_1,"Justifies framing by product's intrinsic capabilities — E4, E5",Justifies framing by buyer psychology and disposition — E1,0
F_N_run1,M1,neutral,C_M1_2,"Emphasizes early-adopter dynamics and evangelism — E2, E3",Emphasizes narrative authenticity to the product — E4,1
F_N_run1,M1,neutral,C_M1_3,"Concrete market segments and channels named — E1, E5",Abstract argument without naming buyer segments — E4,1
F_N_run1,M2,neutral,C_M2_1,Early-adopter willingness-to-pay logic,Product-capability-led positioning critique,0
F_N_run1,M2,neutral,C_M2_2,Haptic skill-acceleration for makers,Differentiation from borrowed cultural narratives,0
F_N_run1,M2,neutral,C_M2_3,Craft identity and serious learning,Messaging grounded in product capabilities,0
F_N_run1,M3,neutral,C_M3_1,Emphasizes the technical mechanism of accelerated skill acquisition,Focuses on the existing psychology and habits of the buyer,0
F_N_run1,M3,neutral,C_M3_2,Defines identity by explicitly contrasting with casual lifestyle alternatives,Defines identity purely through direct product and market attributes,0
F_N_run1,M4,neutral,C_M4_1,Focus on product's cultural and emotional appeal,Focus on product's functional and practical utility,0
F_N_run1,M4,neutral,C_M4_2,Emphasis on consumer adoption dynamics and market fit,Emphasis on product capability and user learning outcomes,0
F_N_run1,M4,neutral,C_M4_3,Singular dedication to product core and maker market,Broader consideration of market positioning and adoption strategy,0
F_N_run1,M5,neutral,C_M5_1,Specific joinery and craft capabilities,Generic hardware and physical cuts,0
F_N_run1,M5,neutral,C_M5_2,Maker community and craft specificity,Generic hardware business principles,0
F_N_run1,M5,neutral,C_M5_3,Woodworking craft and behavioral identity,Generic hardware market strategy,0
F_N_run2,M1,neutral,C_M1_1,Justifies Mastery via product validation and skill-teaching substance,Justifies Mastery via buyer profile and price-point fit,0
F_N_run2,M1,neutral,C_M1_2,Mastery framing targeting serious hobbyist investment,Wellness framing targeting cultural/emotional restoration,0
F_N_run2,M1,neutral,C_M1_3,Appeals to existing craft/hobbyist subculture identity,Appeals to broader cultural mood or commercial logic,0
F_N_run2,M2,neutral,C_M2_1,Mastery through demonstrable skill-building,Wellness therapy for screen fatigue,8
F_N_run2,M2,neutral,C_M2_2,Early-adopter validation and startup launch pragmatism,Ownable story of breakthrough skill instruction,0
F_N_run2,M2,neutral,C_M2_3,Price-justified niche economics and commercial intent,Product breakthrough as the core brand story,0
F_N_run2,M3,neutral,C_M3_1,Positioned as a rigorous tool for technical skill acquisition,Positioned as a therapeutic remedy for psychological restoration,8
F_N_run2,M3,neutral,C_M3_2,Strategy driven by acquiring forgiving early adopters for product validation,Strategy driven by establishing the most unique and ownable brand narrative,0
F_N_run2,M4,neutral,C_M4_1,Craft mastery and functional precision,Mental wellness and digital detox,0
F_N_run2,M4,neutral,C_M4_2,Committed skill investors and tool respect,Screen-weary seekers of emotional relief,0
F_N_run2,M4,neutral,C_M4_3,Breakthrough skill-teaching for dedicated learners,Therapeutic escape for the screen-fatigued,8
F_N_run3,M1,neutral,C_M1_1,"Grounds choice in commercial/market logic (price, segment, economics)",Grounds choice in product-essence fidelity,0
F_N_run3,M1,neutral,C_M1_2,Emphasizes acquiring a concrete difficult skill,Emphasizes commercial viability and early-adopter strategy,0
F_N_run3,M1,neutral,C_M1_3,Rejects alternative framings as inauthentic to product,Justifies mastery via price/novelty barriers to purchase,0
F_N_run3,M2,neutral,C_M2_1,Go-to-market economics and early-adopter fit,Transformational value and durable business logic,0
F_N_run3,M2,neutral,C_M2_2,Price-driven buyer justification,Product-category authenticity,0
F_N_run3,M2,neutral,C_M2_3,Product-truth positioning,Beachhead survival strategy,0
F_N_run3,M4,neutral,C_M4_1,Centers on skill acquisition value,Centers on early adopter strategy,0
F_N_run3,M4,neutral,C_M4_2,Argues from $1200 price threshold,Argues from product authenticity,0
F_N_run3,M4,neutral,C_M4_3,Stresses user transformation outcome,Stresses product categorization as tool,8
F_N_run4,M1,neutral,C_M1_1,Justifies via product credibility with core enthusiast audience,Rejects niche framings for broader market positioning,0
F_N_run4,M1,neutral,C_M1_2,Picks Mastery to serve dedicated craft evangelists,Picks Future-of-Work to escape hobbyist niche,0
F_N_run4,M1,neutral,C_M1_3,Emphasizes commercial/strategic launch logic and early adopters,Emphasizes intrinsic promise of embodied skill development,0
F_N_run4,M2,neutral,C_M2_1,Evangelist-led go-to-market rationale,Product-capability-led positioning rationale,0
F_N_run4,M2,neutral,C_M2_2,Skill-learning credibility emphasis,Hardware-adopter operational pragmatism,0
F_N_run4,M2,neutral,C_M2_3,Mastery-through-embodied-skill framing,Future-of-work market framing,0
F_N_run4,M4,neutral,C_M4_1,Launch identity built on user identity and values,Launch identity built on product capability and learning outcome,0
F_N_run4,M4,neutral,C_M4_2,Recommends a framing other than Mastery,Recommends the Mastery framing,8
F_N_run4,M4,neutral,C_M4_3,Strategy defined by positioning against market fads,Strategy defined by targeting early adopter tolerance,0
F_N_run5,M1,neutral,C_M1_1,"E4, E5 — justifies via market/buyer economics",E1 — justifies via product's technical capability,1
F_N_run5,M1,neutral,C_M1_2,"E1, E5 — emphasizes intrinsic nature of the device",E4 — emphasizes startup survival and business viability,1
F_N_run5,M1,neutral,C_M1_3,E2 — frames around skill acquisition replacing mentorship,"E1, E3 — frames around technical substance justifying price",1
F_N_run5,M2,neutral,C_M2_1,Intrinsic craft-learning rationale,Premium market beachhead rationale,0
F_N_run5,M2,neutral,C_M2_2,Product essence and committed craft learning,Hardware startup viability and pricing economics,0
F_N_run5,M2,neutral,C_M2_3,Pure mastery-through-haptics product argument,Price-justified defensible beachhead strategy,0
F_N_run5,M3,neutral,C_M3_1,What about E1 and E4,E2?,1
F_N_run5,M4,neutral,C_M4_1,Focused on product's core technological innovation,Focused on user's commitment and craft journey,0
F_N_run5,M4,neutral,C_M4_2,"Abstract, prescriptive recommendation statements","Concrete, strategic reasoning with market justification",7
F_N_run5,M4,neutral,C_M4_3,Direct endorsement with singular reasoning,Comparative evaluation against alternative frames,7
F_N_run5,M5,neutral,C_M5_1,Business defensibility and pricing justification,Embodied craft learning and skill acquisition,0
F_N_run5,M5,neutral,C_M5_2,Contrastive definition against lifestyle/relaxation products,Affirmative description of skill-building outcomes,8
F_N_run5,M5,neutral,C_M5_3,Beachhead market segmentation and customer targeting,Intrinsic product substance and defensibility,0
F_P_run1,M1,Q,C_M1_1,"Skill-acquisition outcome for the user (E2, E3)",Underlying technical mechanism of the device (E4),1
F_P_run1,M1,Q,C_M1_2,"Risk/constraint-driven launch reasoning (E1, E5)",Identity/values-driven launch reasoning (E2),1
F_P_run1,M1,Q,C_M1_3,"Mastery/craft-competence positioning (E1, E3)",Economic-agency/livelihood positioning (E2),1
F_P_run1,M2,S,C_M2_1,Adoption-friction optimization,Prototype-fragility warning,0
F_P_run1,M2,S,C_M2_2,Adoption-constraint market logic,Dignity-centered economic agency,2
F_P_run1,M2,S,C_M2_3,Skill-transfer mechanism as core value,Dignity-and-livelihood identity as core value,2
F_P_run1,M3,E,C_M3_1,"Explicitly isolates a quantifiable systemic binding constraint (E1, E4)",Optimizes for semantic legibility without isolating structural constraints (E3),8
F_P_run1,M3,E,C_M3_2,"Evaluates mechanical failure modes of the launch system (E1, E5)",Evaluates ideological resonance and sociological,1
F_P_run1,M5,C,C_M5_1,Human Capability Enrichment,Hardware Material Risk,0
F_P_run1,M5,C,C_M5_2,Commercial Market Strategy,Technical Physiological Mechanism,0
F_P_run1,M5,C,C_M5_3,Device Materiality,Pedagogical Abstraction,0
F_P_run2,M2,S,C_M2_1,Mastery through credible product performance,Dignity through inclusive future-of-work framing,0
F_P_run2,M2,S,C_M2_2,Downstream utilization as survival constraint,Upstream acquisition economics as survival constraint,9
F_P_run2,M2,S,C_M2_3,Mastery positioning as commercial launch wedge,Future-of-work positioning as ethical stakeholder commitment,0
F_P_run2,M3,E,C_M3_1,Isolating physical failure mechanisms in the product-user system,Optimizing for abstract ideological sentiment and narrative signaling,0
F_P_run2,M3,E,C_M3_2,Orienting around verifiable physical utility and tangible user output,Orienting around theoretical social optics and external stakeholder validation,0
F_P_run2,M4,H,C_M4_1,Commercial risk management,Ethical dignity framing,2
F_P_run2,M4,H,C_M4_2,Product skill authenticity,Societal work narrative,0
F_P_run2,M4,H,C_M4_3,Human value storytelling,Economic data optimization,9
F_P_run3,M1,Q,C_M1_1,"E1, E5 — risk/utility minimization under runway constraint",E2 — mission-driven inclusion as product identity,1
F_P_run3,M1,Q,C_M1_2,"E1, E5 — commit to a positioning given current evidence","E4 — defer commitment, treat launch as evidence-gathering",1
F_P_run3,M1,Q,C_M1_3,"E3, E5 — anchor positioning to skill-acquisition mechanism",E2 — anchor positioning to expanding stakeholder access,1
F_P_run3,M2,S,C_M2_1,Commit to identity positioning,Suspend positioning for discovery,8
F_P_run3,M2,S,C_M2_2,Skill-transfer utility as product essence,Team-certainty as epistemic risk,0
F_P_run3,M2,S,C_M2_3,Constraint-led de-risking logic,Skill-belief brand narrative,0
F_P_run3,M3,E,C_M3_1,Assumes product viability to optimize external audience positioning,Questions underlying assumptions to mitigate internal epistemological risk,7
F_P_run3,M3,E,C_M3_2,Anchored in isolating and testing objective system constraints,Driven by ideological narrative irrespective of structural limits,8
F_P_run3,M4,H,C_M4_1,Evidence-based caution,Value-driven inclusion,7
F_P_run3,M4,H,C_M4_2,Skill-centric functionality,Stakeholder-centric accessibility,4
F_P_run3,M4,H,C_M4_3,Mastery and skill focus,Inclusion and equity focus,0
F_P_run3,M5,C,C_M5_1,Commit to specific niche launch hypothesis,Reject consensus; demand pre-launch epistemic validation,7
F_P_run3,M5,C,C_M5_2,Target narrow high-skill/high-WTP segment,Prioritize broad accessibility for excluded populations,9
F_P_run3,M5,C,C_M5_3,Commit to specific niche launch hypothesis,Reject consensus; demand pre-launch epistemic validation,7
F_P_run4,M1,Q,C_M1_1,"E3, E5 — recommend a substantive option with reasoning",E1 — recommends based on disconfirming the team's consensus,1
F_P_run4,M1,Q,C_M1_2,Choice driven by substantive product/user evidence,Choice driven by anti-consensus meta-heuristic,7
F_P_run4,M1,Q,C_M1_3,Recommends Option A based on category-specific commercial logic,Recommends contrarian option from epistemic-hygiene principle,7
F_P_run4,M2,S,C_M2_1,Mastery-led category legitimation,Contrarian external stress-testing,8
F_P_run4,M2,S,C_M2_2,Commercial utilization economics,Adversarial user validation,7
F_P_run4,M2,S,C_M2_3,Mastery as market wedge,Accessibility as justice imperative,0
F_P_run4,M3,E,C_M3_1,Measurable system constraints of utilization and unit economics,Psychological constraint of category legitimacy and user belief,7
F_P_run4,M3,E,C_M3_2,Optimizing external positioning to capture defined market adoption,Falsifying internal assumptions through hostile environmental testing,7
F_P_run4,M4,H,C_M4_1,External validation against skeptical scrutiny,Ethical commitment to marginalized users,7
F_P_run4,M4,H,C_M4_2,Data-driven commercial sustainability logic,Humanist-ethicist values framework,2
F_P_run4,M4,H,C_M4_3,Strategic market positioning for legitimacy,Justice-centered design for equitable access,4
F_P_run4,M5,C,C_M5_1,Commercial viability and market mechanics,Distributive justice and accessibility ethics,2
F_P_run4,M5,C,C_M5_2,Behavioral retention and usage economics,Symbolic legitimacy and category positioning,0
F_P_run4,M5,C,C_M5_3,Critical outsider epistemology and ethics,Internal business constraint optimization,2
F_P_run5,M2,S,C_M2_1,Adoption-network leverage,Product-function uncertainty,0
F_P_run5,M2,S,C_M2_2,Identity-affirming Mastery launch,Uncertainty-driven Discovery launch,0
F_P_run5,M2,S,C_M2_3,Niche beachhead commercialization,Discovery-led product validation,0
F_P_run5,M3,E,C_M3_1,*   Grouping E4 + E5,E1: Focus on economic survival and unit metrics vs Focus on avoiding moral hazards.,1
F_P_run5,M3,E,C_M3_2,*   Grouping E1 + E5,"E4: E1 and E5 accept static categories (Product categories, TAM, Price) and derive a launch path.",1
F_P_run5,M4,H,C_M4_1,Strategic market viability focus,Ethical protection of user dignity,2
F_P_run5,M4,H,C_M4_2,Business growth and utilization concern,Moral avoidance of user exploitation,2
F_P_run5,M4,H,C_M4_3,Product readiness for mastery positioning,Product limitation requiring discovery humility,0
F_P_run5,M5,C,C_M5_1,Audience identity and positioning strategy,Post-purchase usage survival mechanics,0
F_P_run5,M5,C,C_M5_2,Protective risk mitigation and failure avoidance,Constructive credibility and network asset building,7
F_P_run5,M5,C,C_M5_3,Organic usage and earned word-of-mouth,Pre-purchase segmentation and funnel metrics,0
G_N_run1,M1,neutral,C_M1_1,"Prioritizes procedural simplicity and institutional legitimacy (E1, E5)",Prioritizes maximizing survival through clinical prognostication (E4),9
G_N_run1,M1,neutral,C_M1_2,"Justifies triage via SOFA-based clinical scoring (E2, E3)",Justifies triage via opportunity-cost reasoning (E4),9
G_N_run1,M1,neutral,C_M1_3,"Emphasizes operational executability under staff exhaustion (E1, E2)","Emphasizes fairness, transparency, and equal moral worth (E5)",1
G_N_run1,M2,neutral,C_M2_1,SOFA-based survival maximization,first-come operational simplicity,9
G_N_run1,M2,neutral,C_M2_2,SOFA-specific implementation rationale,broader opportunity-cost rationing critique,0
G_N_run1,M2,neutral,C_M2_3,first-come procedural rationing,SOFA-based mortality minimization,9
G_N_run1,M4,neutral,C_M4_1,Prioritize survival prediction via objective scores,Ensure procedural transparency and equal access,9
G_N_run1,M4,neutral,C_M4_2,"Protect staff and institutions with a simple, fair rule",Maximize patient survival using clinical scoring,9
G_N_run1,M4,neutral,C_M4_3,Triage by prognostic scores to maximize outcomes,Triage by first-come to ease staff exhaustion,9
G_N_run2,M2,neutral,C_M2_1,Population-level survival maximization,Operational objectivity and feasibility,9
G_N_run2,M2,neutral,C_M2_2,Consequentialist life-saving ethics,Auditable legal-procedural justification,2
G_N_run2,M2,neutral,C_M2_3,Crisis utilitarian moral framing,Practical implementation and bias reduction,2
G_N_run2,M4,neutral,C_M4_1,Emphasis on ethical justification,Emphasis on practical implementation,2
G_N_run2,M4,neutral,C_M4_2,Focus on outcome (lives saved),Focus on process (explicit protocol),9
G_N_run2,M4,neutral,C_M4_3,Operational feasibility and adoption,Underlying clinical principle,8
G_N_run3,M1,neutral,C_M1_1,"E2, E4 — maximize lives saved via clinical survival prediction",E1 — replace hidden bias with simple defensible rule,9
G_N_run3,M1,neutral,C_M1_2,"E2, E5 — emphasize stark scarcity arithmetic and utilitarian imperative",E4 — emphasize operational feasibility and avoiding discriminatory criteria,1
G_N_run3,M1,neutral,C_M1_3,"E2, E5 — abstract ethical reasoning about maximizing aggregate survival",E3 — concrete institutional grounding in tools and legal precedent,2
G_N_run3,M2,neutral,C_M2_1,Option C procedural queueing and trust preservation,Option A SOFA-based survival maximization,9
G_N_run3,M2,neutral,C_M2_2,First-come rule minimizing hidden bias,Predicted-survival triage maximizing aggregate lives saved,9
G_N_run3,M2,neutral,C_M2_3,Option C procedural queueing and trust preservation,Option A SOFA-based survival maximization,9
G_N_run3,M4,neutral,C_M4_1,"Equity-focused, rule-based triage","Utilitarian, lives-saved maximization",9
G_N_run3,M4,neutral,C_M4_2,Process and fairness priority,Clinical outcome priority,9
G_N_run3,M4,neutral,C_M4_3,Process and fairness priority,Clinical outcome priority,9
G_N_run3,M5,neutral,C_M5_1,Legal defensibility and procedural transparency,Pure aggregate outcome maximization,9
G_N_run3,M5,neutral,C_M5_2,Procedural fairness and non-discrimination,Aggregate outcome maximization,9
G_N_run3,M5,neutral,C_M5_3,Clinical validation and legal precedent,Catastrophic scarcity mathematics,9
G_N_run4,M2,neutral,C_M2_1,SOFA-based operational justification,Pure ethical scarcity framing,2
G_N_run4,M2,neutral,C_M2_2,Explicit life-maximization mandate,Worth-neutral bedside question,9
G_N_run4,M2,neutral,C_M2_3,Procedural auditability and legal defensibility,Moral case for saving most lives,2
G_N_run4,M3,neutral,C_M3_1,"Focuses on eliminating hidden, informal bedside rationing via transparency",Focuses strictly on the ethical philosophy of valuing human life,2
G_N_run4,M3,neutral,C_M3_2,"Cites specific, validated clinical tools and operational metrics like SOFA",Relies conceptually on high-level ethical and moral reasoning,2
G_N_run4,M4,neutral,C_M4_1,Emphasizes clinical mandate and operational clarity.,"E1 explicitly invokes systemic factors (trust, hidden decisions), while E4 and E5 stay on clinical or ethical principle.",1
G_N_run4,M4,neutral,C_M4_2,"Cites procedural justifications (auditability, embedded practice).","E5 frames the issue as a pure ethical question, while E2 and E3 ground it in clinical logistics and tool validation.",1
G_N_run4,M4,neutral,C_M4_3,References systemic context of the decision-making environment.,"E2 and E3 are anchored in protocol details and tool specificity, while E1 emphasizes the breakdown of institutional trust.",1
G_N_run4,M5,neutral,C_M5_1,Procedural transparency eliminating hidden discretion,Maximizing objective lives saved mandate,2
G_N_run4,M5,neutral,C_M5_2,Clinical medical instrumentality,Philosophical ethical inquiry,2
G_N_run4,M5,neutral,C_M5_3,Substantive ethical justification,Institutional accountability mechanisms,2
G_N_run5,M1,neutral,C_M1_1,Grounded in operational throughput and bed-reclamation mechanics,Grounded in abstract ethical maximization principle,2
G_N_run5,M1,neutral,C_M1_2,Emphasizes clinical feasibility and staff communicability,Emphasizes replacing informal rationing with explicit standard,8
G_N_run5,M1,neutral,C_M1_3,Survival-maximization via prognostic scoring,Equal moral worth via threshold-plus-lottery,9
G_N_run5,M2,neutral,C_M2_1,Sustained ICU-day throughput optimization,Initial implementation and communication feasibility,9
G_N_run5,M2,neutral,C_M2_2,Prognosis-based lives-saved maximization,Equal-chance lottery after minimum-benefit threshold,9
G_N_run5,M2,neutral,C_M2_3,Clinical survival-priority rationing,Moral equality via transparent lottery,9
G_N_run5,M3,neutral,C_M3_1,Recommends utilitarian clinical scoring (SOFA),Recommends egalitarian lottery allocation,9
G_N_run5,M3,neutral,C_M3_2,Focuses on operational feasibility and family communication,Focuses on abstract ethical mandates and principles,2
G_N_run5,M4,neutral,C_M4_1,"E1, E3, E4 emphasize operational feasibility and saving lives",E5 uniquely centers procedural fairness and lottery mechanisms,1
G_N_run5,M4,neutral,C_M4_2,"E1, E4, E5 ground their argument in clinical metrics like SOFA scores",E2 uniquely relies on moral equality and compassionate thresholds,2
G_N_run5,M4,neutral,C_M4_3,"E2, E3, E4 all advocate for maximizing lives saved",E1 distinctively prioritizes replacing shadow systems with explicit protocols,1
G_N_run5,M5,neutral,C_M5_1,Exhausted bedside rationing and shadow systems,Systemic scarcity and prognostic clarity,8
G_N_run5,M5,neutral,C_M5_2,Maximize survival from scarce resources,Ensure fair chance via lottery,9
G_N_run5,M5,neutral,C_M5_3,Explicit SOFA score criterion,Unspecified familiar clinical measures,8
G_P_run1,M1,S,C_M1_1,"Protect system/staff from corrosive ranking burden (E1, E2)",Protect vulnerable groups from biased quantification (E5),1
G_P_run1,M1,S,C_M1_2,"Reject scoring as legitimate triage instrument (E1, E5)",Accept prognostic scoring as binding allocation mechanism (E4),9
G_P_run1,M1,S,C_M1_3,"Prioritize institutional sustainability and clinician moral capacity (E1, E2)",Prioritize marginal lives saved per scarce bed (E4),2
G_P_run1,M2,E,C_M2_1,Rejects quantified triage as morally/socially corrosive,Embraces predictive survival scoring to maximize lives,9
G_P_run1,M2,E,C_M2_2,Prioritizes system legitimacy and clinician endurance,Prioritizes measurable survival optimization,9
G_P_run1,M2,E,C_M2_3,Treats moral sustainability as the binding constraint,Treats ICU bed efficiency as the binding constraint,2
G_P_run1,M3,H,C_M3_1,Refuses to quantify human worth or measure lives against one another,Reduces patient survival to calculable variables and institutional risk metrics,2
G_P_run1,M3,H,C_M3_2,Centers moral injury and the psychological burden inflicted on frontline clinicians,Centers the mechanical optimization of biological yield and constrained bed capacity,2
G_P_run1,M4,C,C_M4_1,Quantitative triage efficiency,Moral skepticism of formal triage,7
G_P_run1,M4,C,C_M4_2,Moral and ethical critique of quantification,Focus on systemic trust and sustainability,2
G_P_run1,M4,C,C_M4_3,Utilitarian life-saving optimization,Fairness through random allocation,9
G_P_run2,M1,S,C_M1_1,"Focus on systemic/second-order effects on the system (E2, E4)",Focus on direct first-order clinical outcomes (E1),1
G_P_run2,M1,S,C_M1_2,"Skepticism toward predictive scoring as flawed or fragile (E3, E4)",Confidence in validated predictive instruments (E5),8
G_P_run2,M1,S,C_M1_3,"Endorses optimizing for predicted survival (E1, E5)",Rejects optimization due to hidden secondary costs (E4),9
G_P_run2,M2,E,C_M2_1,Distrusts predictive triage for systemic harms,Trusts auditable survival prediction,9
G_P_run2,M2,E,C_M2_2,Maximizes acute survival using prediction,Minimizes triage burden and staffing collapse,9
G_P_run2,M2,E,C_M2_3,Emphasizes second-order operational collapse,Emphasizes dignity and distributive injustice,2
G_P_run2,M3,H,C_M3_1,Centers unseen secondary harms and moral costs to human stakeholders,Relies exclusively on standardized quantitative metrics and primary clinical endpoints,2
G_P_run2,M3,H,C_M3_2,"Evaluates protocols by their impact on equity, dignity, and moral injury",Evaluates protocols by operational efficiency and aggregate biological survival,2
G_P_run2,M4,C,C_M4_1,Rejects algorithmic scoring in triage,Endorses algorithmic scoring for survival,9
G_P_run2,M4,C,C_M4_2,Prioritizes systemic resilience under crisis,Prioritizes distributive justice for patients,9
G_P_run2,M4,C,C_M4_3,Evidence-based survival maximization,Equity-based protection of vulnerable groups,9
G_P_run3,M2,E,C_M2_1,Skeptical of survival prediction reliability,Trusts survival prediction for allocation,9
G_P_run3,M2,E,C_M2_2,Empirical survival-prediction framing,Intrinsic dignity and moral equality framing,2
G_P_run3,M2,E,C_M2_3,Rejects prognostic scoring for FCFS/floor,Allocates by predicted short-term survival,9
G_P_run3,M3,H,C_M3_1,Prioritizing human dignity and the preservation of long-term socio-moral fabric,Narrow economic optimization of an immediate physical resource bottleneck,2
G_P_run3,M3,H,C_M3_2,Acknowledging the moral and epistemic limits of algorithmic predictive scoring,Uncritical reliance on quantified utilitarian metrics to allocate life-saving care,9
G_P_run3,M4,C,C_M4_1,Maximizing measurable lives saved,Preserving equal moral worth,2
G_P_run3,M4,C,C_M4_2,Short-term survival optimization,Long-term institutional resilience,9
G_P_run3,M4,C,C_M4_3,Allocation anchored in dignity/trust,Allocation anchored in survival odds,2
G_P_run3,M5,Q,C_M5_1,First-come-first-served queue allocation,Prognostic survival-based triage,9
G_P_run3,M5,Q,C_M5_2,Consequentialist outcome optimization,Epistemic uncertainty regarding predictions,9
G_P_run3,M5,Q,C_M5_3,Moral dignity and procedural legitimacy,Statistical survival maximization,2
G_P_run4,M1,S,C_M1_1,"Protect system/vulnerable from corrosive ranking acts (E4, E5)",Categorical anti-discrimination commitment via exclusion rules (E1),7
G_P_run4,M1,S,C_M1_2,"Maximize expected lives saved within surge (E2, E3)",Preserve institutional integrity beyond surge (E4),1
G_P_run4,M1,S,C_M1_3,"Reject protocol due to second-order moral/trust damage (E4, E5)",Embrace validated predictive instrument for auditable execution (E3),1
G_P_run4,M2,E,C_M2_1,Immediate survival-maximizing rationing,Institutional trust and moral resilience,2
G_P_run4,M2,E,C_M2_2,Predictive survival optimization,Implementation legitimacy and moral-injury risk,9
G_P_run4,M2,E,C_M2_3,Reject score-based optimization as systemically harmful,Prioritize predicted short-term survival,9
G_P_run4,M3,H,C_M3_1,Mitigating distributive harm to vulnerable and historically marginalized patient populations (10),Mitigating moral injury to clinical staff and preserving institutional trust (10),2
G_P_run4,M4,C,C_M4_1,Concern for irreversible harm and inequity from scoring triage,Confidence in validated scoring triage to maximize lives,9
G_P_run4,M4,C,C_M4_2,Preserving system trust and staff integrity over lives-saved,Maximizing immediate survival via predictive scoring,9
G_P_run4,M5,Q,C_M5_1,Procedural allocation without survival prediction,Predictive survival-based optimization,9
G_P_run4,M5,Q,C_M5_2,Survival-maximizing utilitarian triage,Equity-protective categorical allocation,9
G_P_run4,M5,Q,C_M5_3,Immediate patient survival maximization,Long-term institutional resilience preservation,9
G_P_run5,M1,S,C_M1_1,Trust point-estimate clinical prediction under crisis,Treat predictive models as epistemically brittle,9
G_P_run5,M1,S,C_M1_2,Optimize narrow within-episode survival arithmetic,Protect surrounding social and institutional fabric,9
G_P_run5,M1,S,C_M1_3,Foreground explicit ethical or systemic values,Defer to physiologic expected-value calculation,2
G_P_run5,M2,E,C_M2_1,Mortality minimization via clinical prediction,Social legitimacy over survival maximization,9
G_P_run5,M2,E,C_M2_2,Categorical exclusions plus lottery,First-come access with medical floor,9
G_P_run5,M2,E,C_M2_3,Lottery-based protection from arbitrary devaluation,Scarce bed-hours as binding constraint,9
G_P_run5,M3,H,C_M3_1,Reducing patients to utilitarian arithmetic to maximize aggregate survival,Centering intrinsic dignity to protect vulnerable stakeholders from systemic devaluation,2
G_P_run5,M3,H,C_M3_2,Rejecting clinical algorithms as ethically arbitrary and epistemically flawed drivers of harm,Uncritical faith in predictive modeling to objectively calculate expected human value,2
G_P_run5,M4,C,C_M4_1,Rejects clinical prediction as the foundation for triage,Relies on clinical prediction to drive triage decisions,9
G_P_run5,M4,C,C_M4_2,Prioritizes aggregate survival maximization above all,Prioritizes protection of vulnerable groups over aggregate survival,9
G_P_run5,M4,C,C_M4_3,Targets immediate survival optimization in this wave,Elevates systemic sustainability and epistemic caution over immediate survival,3
G_P_run5,M5,Q,C_M5_1,Prognostic stratification,Temporal queuing,9
G_P_run5,M5,Q,C_M5_2,Graduated survival-ranking,Flat allocation (temporal or random),9
G_P_run5,M5,Q,C_M5_3,Assessment of predictive validity,Protection of vulnerable dignity,2
